Date,BTC_Price,ETH_Price,LTC_Price,BTC_Price_Change,ETH_Price_Change,LTC_Price_Change,BTC_Price_Volatility,ETH_Price_Volatility,LTC_Price_Volatility,BTC_Volume,ETH_Volume,LTC_Volume,BTC_Sharpe,ETH_Sharpe,LTC_Sharpe
"Mar 21, 2017",1120.54,43.15,4.01,66.31,-0.24,-0.02,67.07,1.89,0.06,337391000,91265400,4970080,0.189686729095,0.165280985029,0.549996591971
"Mar 20, 2017",1054.23,43.39,4.03,17.49,-1.35,0.07,26.35,3.79,0.16,286530000,154701000,4068240,0.54223566415,-0.0786061680444,0.27544082386
"Mar 19, 2017",1036.74,44.74,3.96,62.92,10.58,-0.01,93.18,11.66,0.13,406648000,239430000,6013050,0.579701246261,-0.261051764577,0.207961611123
"Mar 18, 2017",973.82,34.16,3.97,-126.41,-12.67,-0.09,156.42,15.17,0.3,621302000,262180000,12199700,0.942204565806,-0.0633403423869,0.380335346911
"Mar 17, 2017",1100.23,46.83,4.06,-87.58,0.48,-0.18,80.59,16.9,0.19,706599000,497534000,11109600,0.588356911797,-1.25404087374,-0.233669373521
"Mar 16, 2017",1187.81,46.35,4.24,-61.8,11.29,0.08,105.54,11.81,0.28,638568000,454418000,12755200,-0.0550062971272,-1.62562879961,-0.61774016942
"Mar 15, 2017",1249.61,35.06,4.16,9.61,6.41,0.1,11.86,6.63,0.18,297805000,170344000,6571900,-1.21158550331,-1.63083270089,-0.581706328629
"Mar 14, 2017",1240.0,28.65,4.06,8.08,0.06,-0.11,24.09,2.61,0.16,245306000,101797000,7928910,-0.193422160662,-1.5804516124,-0.269783286177
"Mar 13, 2017",1231.92,28.59,4.17,10.54,5.15,0.33,20.34,7.1,0.42,380277000,255488000,22439100,-0.314475043844,-2.47015942032,-0.564547364091
"Mar 12, 2017",1221.38,23.44,3.84,45.55,1.97,0.04,51.62,2.06,0.08,227176000,74628900,3373750,0.0322084524652,-0.441496423292,-0.0593779388152
"Mar 11, 2017",1175.83,21.47,3.8,59.11,2.14,0.05,77.51,2.58,0.09,283320000,69150100,3463740,0.351268656915,-0.160164308341,0.359086136762
"Mar 10, 2017",1116.72,19.33,3.75,-71.77,1.58,-0.09,193.22,1.98,0.15,563796000,87506800,7090150,0.682176917487,0.0337433324866,0.492229515195
"Mar 09, 2017",1188.49,17.75,3.84,38.49,1.1,0.06,56.23,1.5,0.08,212283000,31418400,3092100,0.328942390509,0.17153984027,0.149090200642
"Mar 08, 2017",1150.0,16.65,3.78,-73.54,-2.24,-0.04,84.08,2.23,0.07,332603000,44304600,4594400,0.767794056994,0.563306038433,0.62972532259
"Mar 07, 2017",1223.54,18.89,3.82,-49.29,-0.72,-0.1,70.75,0.99,0.11,291256000,37972200,5619560,0.221300265023,0.0611405541453,0.441931214119
"Mar 06, 2017",1272.83,19.61,3.92,5.71,0.31,0.02,11.4,0.99,0.07,153657000,32432700,4393810,-0.586730803959,-0.545168573883,-0.452837457855
"Mar 05, 2017",1267.12,19.3,3.9,11.97,0.68,0.02,29.23,1.19,0.06,134127000,26816300,2836910,-0.824770166954,-0.763496142628,-0.494085219689
"Mar 04, 2017",1255.15,18.62,3.88,-19.84,-0.84,-0.04,48.89,1.43,0.06,183270000,27341900,3361400,-0.677459424847,-0.725279086199,-0.274531576225
"Mar 03, 2017",1274.99,19.46,3.92,23.98,0.43,0.0,29.6,2.26,0.1,315739000,95863400,7515680,-1.54844970861,-1.97253921018,-0.316850436159
"Mar 02, 2017",1251.01,19.03,3.92,28.51,1.68,0.12,46.51,2.4,0.33,368275000,83627100,9439480,-1.54108452222,-2.85543887347,-0.316850436159
"Mar 01, 2017",1222.5,17.35,3.8,42.53,1.53,0.03,42.81,1.81,0.05,229057000,44927500,4405000,-0.388692575669,-2.48281515546,0.438701095647
"Feb 28, 2017",1179.97,15.82,3.77,0.0,0.42,-0.03,21.43,0.94,0.06,184956000,65478900,4045440,-0.138861125754,-1.46956048369,0.864375285617
"Feb 27, 2017",1179.97,15.4,3.8,14.77,0.88,-0.03,18.6,1.41,0.03,131570000,31667000,3766590,-0.479967960575,-1.60723624635,0.0969451968873
"Feb 26, 2017",1165.2,14.52,3.83,21.36,0.97,0.0,37.27,1.14,0.05,116486000,20307500,2688250,-0.380020001092,-0.958129083785,-0.526865936576
"Feb 25, 2017",1143.84,13.55,3.83,-29.84,0.48,-0.02,50.26,0.74,0.05,139961000,18533900,3581200,-0.463334523143,-0.892476078311,-0.655892221049
"Feb 24, 2017",1173.68,13.07,3.85,6.96,-0.05,0.01,68.43,0.35,0.06,330759000,19574400,6921090,-1.42504029293,-0.199492661702,-1.84722921201
"Feb 23, 2017",1166.72,13.12,3.84,49.28,0.52,0.03,59.66,0.65,0.05,189454000,14522300,4096480,-1.06419058815,-0.198613864419,-0.450220126914
"Feb 22, 2017",1117.44,12.6,3.81,2.14,-0.07,0.03,24.84,0.21,0.06,136100000,10360900,4547610,-0.855558611897,0.0893713047977,0.15306009878
"Feb 21, 2017",1115.3,12.67,3.78,35.32,0.24,0.01,40.32,0.56,0.04,186869000,15183300,4110740,-1.14363188896,0.22280340225,0.0724732813158
"Feb 20, 2017",1079.98,12.43,3.77,32.11,-0.33,0.01,38.8,0.47,0.03,109478000,12994400,3128060,-1.12774099919,0.612887318848,0.278459740808
"Feb 19, 2017",1047.87,12.76,3.76,-6.55,-0.05,-0.03,13.35,0.16,0.05,77423300,7799740,2701490,-0.873927720601,0.471058639343,0.0625289321712
"Feb 18, 2017",1054.42,12.81,3.79,8.21,0.13,-0.04,14.14,0.15,0.05,99073500,9370010,3209270,-1.99009068231,-0.417189408926,-0.380279805365
"Feb 17, 2017",1046.21,12.68,3.83,18.77,-0.22,0.04,27.53,0.25,0.07,136474000,11636500,4001350,-0.860143631584,-0.330618486373,-0.373900806824
"Feb 16, 2017",1027.44,12.9,3.79,19.96,-0.02,-0.02,25.72,0.38,0.04,122277000,38002600,3991580,-0.413721551887,-0.420742999994,0.00497717470882
"Feb 15, 2017",1007.48,12.92,3.81,2.93,-0.11,0.04,7.26,0.4,0.06,89759400,18464700,2683590,-0.378998874397,-0.453232796723,-0.159792928604
"Feb 14, 2017",1004.55,13.03,3.77,13.91,1.76,0.05,25.04,2.04,0.06,137946000,42911500,3994400,-0.187766293753,-0.589678062348,0.187069432779
"Feb 13, 2017",990.64,11.27,3.72,-8.54,-0.13,-0.04,26.1,0.22,0.07,100607000,7216520,4721650,0.510923542626,0.152708877462,0.737832128622
"Feb 12, 2017",999.18,11.4,3.76,-5.27,0.05,-0.03,7.84,0.1,0.05,67530000,6264900,2706320,0.428609440217,0.117204901795,0.671713709149
"Feb 11, 2017",1004.45,11.35,3.79,15.78,0.07,0.01,26.46,0.19,0.03,102261000,7544520,3340840,0.219555253023,0.044903709188,0.579948970013
"Feb 10, 2017",988.67,11.28,3.78,-5.71,0.25,-0.02,52.21,0.56,0.11,190452000,11914200,7918280,0.257579058852,0.0718317523309,0.612675274596
"Feb 09, 2017",994.38,11.03,3.8,-68.69,-0.4,-0.22,135.65,0.93,0.37,407220000,18400300,21297300,0.315722633769,0.451086805063,0.60890488488
"Feb 08, 2017",1063.07,11.43,4.02,1.72,-0.09,-0.02,41.48,0.39,0.11,201855000,9688630,7016980,-0.500001239734,-0.420210750952,1.22471985878
"Feb 07, 2017",1061.35,11.52,4.04,23.2,0.13,0.0,21.79,0.2,0.04,146007000,7629640,6570650,-0.729927665467,-0.927393207661,1.11637561613
"Feb 06, 2017",1038.15,11.39,4.04,10.81,0.04,0.0,16.48,0.14,0.04,111762000,5695440,4972300,-0.732808984715,-0.876292518677,0.688335314697
"Feb 05, 2017",1027.34,11.35,4.04,-15.56,-0.08,-0.02,21.26,0.17,0.05,114208000,5942960,4635400,-0.827964120323,-0.794684871188,0.688335314697
"Feb 04, 2017",1042.9,11.43,4.06,12.99,0.32,-0.02,30.74,0.37,0.08,155064000,14139500,6926300,-1.77386465498,-1.46039309835,-0.286100369864
"Feb 03, 2017",1029.91,11.11,4.08,18.11,0.29,-0.01,25.08,0.35,0.07,201278000,12897800,8548470,-1.35865171025,-1.33388900789,-0.689306238616
"Feb 02, 2017",1011.8,10.82,4.09,22.78,0.09,0.01,30.3,0.34,0.07,145821000,10172500,5175450,-0.952775396859,-0.616347943713,-0.736136741394
"Feb 01, 2017",989.02,10.73,4.08,18.62,0.0,0.0,18.37,0.29,0.1,150110000,12852200,7753930,-0.708435875428,-0.461183460238,-0.645682281625
"Jan 31, 2017",970.4,10.73,4.08,50.02,0.16,0.06,51.06,0.21,0.08,164582000,11648700,15799800,-0.535542568907,-0.311301483303,-0.77148696242
"Jan 30, 2017",920.38,10.57,4.02,0.88,0.09,0.17,3.58,0.24,0.16,78227300,8042180,10192700,-0.595682954954,0.00283324043461,-0.88221628337
"Jan 29, 2017",919.5,10.48,3.85,-2.09,-0.08,0.0,4.27,0.12,0.02,60851700,4689950,2804420,-0.840551788872,0.71618164138,-0.174348202049
"Jan 28, 2017",921.59,10.56,3.85,1.84,0.02,-0.01,4.1,0.15,0.03,68979600,6580700,3305270,0.000846895758187,0.678278344208,-0.0190559047415
"Jan 27, 2017",919.75,10.54,3.86,2.16,-0.05,0.03,7.37,0.17,0.05,125594000,7189170,5049680,0.0716330652917,0.321493772038,-0.0474747962908
"Jan 26, 2017",917.59,10.59,3.83,16.05,0.02,0.12,17.11,0.16,0.13,131958000,8465020,5817220,0.0624195032016,0.517471551374,0.201231216727
"Jan 25, 2017",901.54,10.57,3.71,8.85,-0.06,-0.08,11.56,0.14,0.11,120831000,6751450,6863540,-0.0632180678578,0.040246653533,1.0283220957
"Jan 24, 2017",892.69,10.63,3.79,-28.32,-0.19,-0.05,31.85,0.2,0.06,111349000,8327330,2629220,0.0831588601372,-0.213929672518,0.406802229361
"Jan 23, 2017",921.01,10.82,3.84,-3.66,0.12,0.0,11.53,0.17,0.04,73588600,7267210,2725110,-0.593352478555,-0.675156626042,0.00407953993587
"Jan 22, 2017",924.67,10.7,3.84,2.88,-0.21,-0.06,39.96,0.39,0.1,116573000,8678620,2630830,-0.196004328023,-0.417232733621,0.395607333037
"Jan 21, 2017",921.79,10.91,3.9,26.76,0.31,0.01,31.84,0.4,0.03,111158000,11937600,2717700,-0.534997743281,-1.04767557159,0.00653233565975
"Jan 20, 2017",895.03,10.6,3.89,-4.04,0.2,0.03,12.39,0.41,0.07,86728400,10992800,3427180,-0.44358714905,-0.429611360664,0.158988520029
"Jan 19, 2017",899.07,10.4,3.86,12.45,0.17,0.02,20.27,0.26,0.12,105625000,8347550,4090650,-0.502144669317,-0.466197509311,0.16029286011
"Jan 18, 2017",886.62,10.23,3.84,-21.32,-0.07,-0.1,59.2,0.58,0.17,225677000,10788200,4321020,-0.372054017667,-0.264613775876,0.202994321248
"Jan 17, 2017",907.94,10.3,3.94,76.41,0.66,0.04,79.76,1.07,0.1,155095000,18391900,4816480,-0.728172257265,-0.248247763259,0.102222866399
"Jan 16, 2017",831.53,9.64,3.9,9.73,-0.26,-0.03,14.26,0.35,0.09,82755200,14937400,8159260,-0.930411873195,0.0969114044597,-0.159357537259
"Jan 15, 2017",821.8,9.9,3.93,3.39,0.25,0.03,10.44,0.4,0.07,71013600,14837900,9341360,0.306618446731,0.350025761856,0.429417711379
"Jan 14, 2017",818.41,9.65,3.9,-5.57,-0.12,0.01,22.63,0.45,0.08,93063300,20085800,3999180,0.30293846771,0.381227345948,0.263168037054
"Jan 13, 2017",823.98,9.77,3.89,19.15,-0.09,-0.07,49.0,0.34,0.16,168968000,25066600,7720620,0.310037041396,0.289305627228,0.0974895822476
"Jan 12, 2017",804.83,9.86,3.96,27.07,0.14,0.11,70.49,0.9,0.24,222326000,30453800,13690900,0.376295878719,0.0257875063427,0.0446974996742
"Jan 11, 2017",777.76,9.72,3.85,-129.92,-0.83,-0.74,156.69,1.2,0.84,310929000,26823500,21863300,0.476154662224,0.258266257171,0.0499978909817
"Jan 10, 2017",907.68,10.55,4.59,4.85,0.22,0.29,13.81,0.4,0.39,115808000,10879700,15157900,0.467032361766,-0.205832007208,-0.1721641499
"Jan 09, 2017",902.83,10.33,4.3,-8.37,0.04,0.31,33.88,0.64,0.43,141877000,25718300,11165200,0.807916245875,0.389410306331,0.341650455799
"Jan 08, 2017",911.2,10.29,3.99,2.61,0.42,0.03,55.47,0.56,0.12,158715000,16676600,11728600,0.355030800101,-0.101913380548,0.452615053309
"Jan 07, 2017",908.59,9.87,3.96,6.39,-0.38,0.1,85.03,0.69,0.35,279550000,23153600,14628400,0.30765869715,-0.291444805768,0.493408187716
"Jan 06, 2017",902.2,10.25,3.86,-111.18,0.0,-0.43,162.87,1.0,0.51,351876000,29471800,11063700,0.268077637396,-0.452841051943,0.47409843094
"Jan 05, 2017",1013.38,10.25,4.29,-141.35,-1.0,-0.55,280.68,2.49,0.72,510199000,41557400,19196000,-0.0901888063753,-0.517758553888,0.0593322022519
"Jan 04, 2017",1154.73,11.25,4.84,110.89,1.52,0.21,115.02,1.72,0.21,344946000,41051200,13762400,-1.1094194602,-0.916756063674,-0.80790838018
"Jan 03, 2017",1043.84,9.73,4.63,22.09,1.35,-0.02,22.48,1.68,0.17,185168000,33625200,10055700,-0.818792115592,-0.516993603141,-0.090791129256
"Jan 02, 2017",1021.75,8.38,4.65,23.42,0.21,0.14,34.69,0.39,0.26,222185000,14579600,14595300,-0.519103054877,-0.503808851547,-0.105839029512
"Jan 01, 2017",998.33,8.17,4.51,34.59,0.2,0.18,44.38,0.49,0.19,147775000,14731700,11337500,-0.5971063903,-0.589512605901,-0.0512029224962
"Dec 31, 2016",963.74,7.97,4.33,2.5,-0.19,-0.06,16.5,0.25,0.11,99135100,9066800,9210720,-0.563643406509,-0.382036741763,0.0704265441078
"Dec 30, 2016",961.24,8.16,4.39,-12.26,-0.12,-0.17,37.7,0.42,0.27,187474000,13909900,11912800,-0.67612809905,-0.603693786804,-0.0692388924688
"Dec 29, 2016",973.5,8.28,4.56,-2.42,0.76,-0.01,24.9,0.99,0.12,199320000,27543800,9352850,-0.872367294929,-0.620769461229,-0.00484722745614
"Dec 28, 2016",975.92,7.52,4.57,42.72,0.35,0.1,41.09,0.54,0.18,236630000,17453300,10319300,-0.457964636909,-0.418792532614,0.157177870545
"Dec 27, 2016",933.2,7.17,4.47,25.59,-0.1,0.11,35.8,0.23,0.25,167308000,8778610,9294450,-0.497302573034,0.447730722462,-0.360448397841
"Dec 26, 2016",907.61,7.27,4.36,11.43,0.09,0.01,16.28,0.28,0.19,123771000,5836810,7603100,-0.534167037811,0.605012391915,-0.340728939233
"Dec 25, 2016",896.18,7.18,4.35,-2.64,-0.09,-0.2,37.23,0.2,0.35,143665000,8671840,11363100,-0.6854866565,0.406149413797,-0.328212789413
"Dec 24, 2016",898.82,7.27,4.55,-23.16,0.1,-0.11,37.14,0.26,0.35,137727000,7626020,19773600,-0.810758165927,0.309640085032,-0.461944718771
"Dec 23, 2016",921.98,7.17,4.66,57.44,-0.41,0.95,60.44,0.53,0.95,275564000,19613100,15539100,-1.4003543913,0.598514344178,-0.522407345496
"Dec 22, 2016",864.54,7.58,3.71,30.26,-0.33,0.06,41.63,0.41,0.09,200027000,16376700,3657740,-1.04539362555,0.308602311948,-0.062640078379
"Dec 21, 2016",834.28,7.91,3.65,33.4,0.25,-0.01,34.88,0.28,0.04,155576000,9393550,2913250,-0.82999953227,-0.0549834328146,-0.115320038572
"Dec 20, 2016",800.88,7.66,3.66,8.17,0.02,0.0,9.84,0.18,0.02,99629300,6313550,2335510,-1.45531786824,0.346758475585,-0.240416049845
"Dec 19, 2016",792.71,7.64,3.66,2.18,-0.23,-0.02,3.29,0.24,0.03,74886400,5894760,2274070,-0.584226789315,0.690403007812,-0.240416049845
"Dec 18, 2016",790.53,7.87,3.68,-0.3,-0.01,-0.02,6.71,0.21,0.05,60524400,5890020,1951490,-0.514570225794,0.613228136816,-0.167434108668
"Dec 17, 2016",790.83,7.88,3.7,5.92,0.02,0.07,7.65,0.38,0.1,78989800,8502620,2559210,-0.566337701789,0.733017937546,-0.232599440779
"Dec 16, 2016",784.91,7.86,3.63,6.82,0.03,0.01,6.07,0.13,0.04,83608200,5178610,1625780,-0.617269482304,0.282960824523,0.11861685525
"Dec 15, 2016",778.09,7.83,3.62,-3.39,-0.44,0.0,3.63,0.52,0.05,81580100,13184400,2679340,-0.125975105437,0.257581928178,0.56438101941
"Dec 14, 2016",781.48,8.27,3.62,0.92,-0.15,-0.03,5.19,0.27,0.07,75979000,7337220,2618560,-0.34983007572,0.177157826185,0.681408909041
"Dec 13, 2016",780.56,8.42,3.65,0.47,-0.1,-0.01,10.5,0.18,0.05,81645600,4486190,1962750,-0.394918735674,-0.150620626541,0.413022092918
"Dec 12, 2016",780.09,8.52,3.66,10.36,0.33,0.02,11.88,0.44,0.05,76571000,9119700,2465660,-0.491351610679,-0.101684462591,-0.215678534488
"Dec 11, 2016",769.73,8.19,3.64,-4.92,0.06,-0.04,9.39,0.17,0.06,57313400,5545500,1948170,-0.354730511495,-0.210660777744,-0.42562037309
"Dec 10, 2016",774.65,8.13,3.68,1.86,-0.32,-0.01,4.18,0.51,0.06,53843100,8108370,2093810,-2.29457099033,-0.531213899934,-0.804072462105
"Dec 09, 2016",772.79,8.45,3.69,1.98,0.22,0.0,4.88,0.62,0.03,68705300,12916300,1758140,0.0329803553169,-0.295521073188,0.25859312192
"Dec 08, 2016",770.81,8.23,3.69,2.68,-0.15,0.07,8.75,0.63,0.13,80111900,16042700,2683090,0.0137640484688,-0.0498949038617,0.281682575749
"Dec 07, 2016",768.13,8.38,3.62,3.91,0.51,0.08,11.79,1.21,0.12,96426100,22229600,2537240,0.251013458159,-0.143987860503,0.417590321092
"Dec 06, 2016",764.22,7.87,3.54,5.52,1.05,0.01,6.9,1.94,0.07,116218000,50671200,3007340,-0.11503457006,0.21122446049,0.493534424256
"Dec 05, 2016",758.7,6.82,3.53,-15.17,-0.62,-0.37,21.76,0.98,0.59,106363000,17344500,11106200,-0.198773437785,1.10868037489,0.479728108106
"Dec 04, 2016",773.87,7.44,3.9,2.72,-0.48,-0.02,5.71,0.51,0.05,60557900,8450790,1908090,-0.831470853064,0.39418784214,-0.224920856547
"Dec 03, 2016",771.15,7.92,3.92,-6.79,0.16,-0.03,13.39,0.48,0.04,69547300,12112100,1805780,-0.738018828699,0.401256301735,-0.321002928376
"Dec 02, 2016",777.94,7.76,3.95,21.17,-0.69,0.04,23.76,1.04,0.04,127605000,18579800,2559070,-1.2860501577,0.657377907094,-0.802195197889
"Dec 01, 2016",756.77,8.45,3.91,11.08,-0.14,0.02,12.22,0.29,0.03,80461900,5882340,1985600,-0.756234636829,0.538788328443,-0.292408062073
"Nov 30, 2016",745.69,8.59,3.89,10.09,0.42,0.02,11.67,0.59,0.04,84070800,10626600,1857280,-0.136879259532,0.487092021609,0.370140687657
"Nov 29, 2016",735.6,8.17,3.87,-0.21,-0.55,-0.01,2.91,0.86,0.03,68511100,17000400,2436960,0.267333220761,0.872377884652,0.606185342948
"Nov 28, 2016",735.81,8.72,3.88,3.78,-0.28,0.0,5.53,0.29,0.03,61888600,6046890,1726410,0.470838862633,0.874741671711,0.708913393168
"Nov 27, 2016",732.03,9.0,3.88,-3.35,-0.33,-0.01,7.93,0.55,0.04,52601800,8707660,1631940,1.33881648803,0.687228434528,1.0333127883
"Nov 26, 2016",735.38,9.33,3.89,-6.27,-0.07,-0.03,12.58,0.19,0.05,54962700,3505990,1782340,0.116004505702,0.202339194832,0.599949112688
"Nov 25, 2016",741.65,9.4,3.92,1.36,0.17,0.01,7.06,0.54,0.03,67807600,7669720,2211790,-0.294712695604,0.130537721508,0.00212853662272
"Nov 24, 2016",740.29,9.23,3.91,-4.3,-0.61,-0.02,13.34,0.92,0.06,85919300,15987800,2089790,0.200843029672,0.307555291324,0.41533037972
"Nov 23, 2016",744.59,9.84,3.93,-6.76,-0.07,-0.02,13.33,0.2,0.05,76543800,4812310,2184200,0.126819124089,-0.499457240404,0.324963640839
"Nov 22, 2016",751.35,9.91,3.95,12.1,0.29,0.01,17.34,0.65,0.06,129906000,11284400,2347880,-0.161402872514,0.0699476034692,-0.100383675566
"Nov 21, 2016",739.25,9.62,3.94,8.22,0.04,0.02,11.21,0.1,0.04,60802400,3663210,1999840,0.0964858384482,0.381908997668,0.43139536051
"Nov 20, 2016",731.03,9.58,3.92,-20.59,-0.08,-0.03,37.54,0.19,0.07,154116000,5173420,2680300,-0.214918372219,0.568485766243,-0.0786528930997
"Nov 19, 2016",751.62,9.66,3.95,0.03,0.18,-0.01,11.77,0.27,0.04,110608000,5186540,2048720,-0.743352705964,0.240225255911,-0.20194546123
"Nov 18, 2016",751.59,9.48,3.96,10.61,-0.51,0.02,15.99,0.53,0.06,87363100,10816100,2650960,-0.819583705928,0.523366876872,-0.23384702087
"Nov 17, 2016",740.98,9.99,3.94,-3.22,-0.07,-0.08,16.13,0.27,0.13,108579000,6984700,3120160,-0.546514583176,-0.117928015404,-0.454579646491
"Nov 16, 2016",744.2,10.06,4.02,32.58,-0.16,0.13,38.58,0.4,0.13,141294000,9533550,4232760,-0.366367373433,0.194335247438,-0.530818827925
"Nov 15, 2016",711.62,10.22,3.89,6.6,0.25,0.01,10.46,0.47,0.1,72038500,6557550,3032290,0.130565174747,0.239415750664,-0.230699727337
"Nov 14, 2016",705.02,9.97,3.88,2.99,-0.13,0.0,6.47,0.2,0.03,62993000,3573250,2525810,0.686212921993,0.66652457334,-0.0554490378126
"Nov 13, 2016",702.03,10.1,3.88,-3.02,0.22,0.12,17.94,0.57,0.22,80318100,8227770,3344370,0.191512571301,0.694361218002,-0.11875847177
"Nov 12, 2016",705.05,9.88,3.76,-11.36,-0.41,-0.06,13.12,0.64,0.08,64622500,10052500,2592430,-0.0364382406332,1.2965049815,0.547833859774
"Nov 11, 2016",716.41,10.29,3.82,0.88,-0.23,0.0,3.91,0.31,0.04,63119700,6056300,2124360,-0.110961761196,1.31583780984,0.529712819362
"Nov 10, 2016",715.53,10.52,3.82,-7.74,-0.14,-0.04,11.81,0.17,0.06,68807800,4253980,2334820,-0.268889807273,1.40256348072,0.341293713646
"Nov 09, 2016",723.27,10.66,3.86,13.42,-0.17,0.02,31.44,0.61,0.13,132429000,14606600,2894790,-0.527737258025,1.31975087728,0.157860718264
"Nov 08, 2016",709.85,10.83,3.84,6.72,0.02,0.0,10.6,0.18,0.04,79660800,6258150,2493340,-0.540083130373,-0.0338528905006,0.158776888624
"Nov 07, 2016",703.13,10.81,3.84,-8.39,-0.06,-0.05,10.84,0.18,0.1,65047100,5992480,2806430,0.324311736866,-0.0741764359755,0.534832769917
"Nov 06, 2016",711.52,10.87,3.89,8.1,-0.13,0.02,14.7,0.4,0.08,59902200,5688710,2192880,0.1598515816,-0.130610741691,0.399591520661
"Nov 05, 2016",703.42,11.0,3.87,0.18,-0.09,-0.01,9.77,0.36,0.08,53752300,5502670,2318820,0.00185059695862,0.00788271224356,0.223416719789
"Nov 04, 2016",703.24,11.09,3.88,14.54,0.29,0.02,21.37,0.3,0.07,99907700,9958040,3481430,0.00950733224431,0.104550529233,0.274699607606
"Nov 03, 2016",688.7,10.8,3.86,-52.13,0.05,-0.24,67.61,0.35,0.37,172808000,15228600,5883490,0.209303887215,-0.198880920684,0.422164052442
"Nov 02, 2016",740.83,10.75,4.1,11.04,-0.02,0.01,18.48,0.47,0.08,84865200,11691700,3646100,-0.646568012518,0.170632469438,-0.35114861579
"Nov 01, 2016",729.79,10.77,4.09,28.82,-0.23,0.1,35.11,0.88,0.16,130527000,22901300,4714890,-0.514670445816,0.327323381888,-0.167650084767
"Oct 31, 2016",700.97,11.0,3.99,-0.89,-0.18,-0.04,17.61,0.56,0.07,97064400,13393900,3893350,-0.364148530798,0.240461553339,-0.0766289694283
"Oct 30, 2016",701.86,11.18,4.03,-12.62,0.74,-0.06,17.64,1.16,0.08,100665000,16694900,4364420,-0.660634711015,0.115142917829,-0.370040124493
"Oct 29, 2016",714.48,10.44,4.09,24.83,-0.65,0.12,30.35,1.64,0.13,134761000,27070400,5732580,-1.34004464904,1.01691684802,-0.796624975562
"Oct 28, 2016",689.65,11.09,3.97,1.34,-0.41,-0.05,6.28,0.63,0.09,81145500,13971500,4260230,-0.779989901824,0.750642488517,-0.192922092237
"Oct 27, 2016",688.31,11.5,4.02,10.01,-0.03,0.06,10.55,0.35,0.1,96105300,13255400,6216070,-0.724301754298,0.487517067153,-0.633947070587
"Oct 26, 2016",678.3,11.53,3.96,20.71,0.12,0.06,22.05,0.28,0.07,88877100,10221800,5418040,-0.801404647231,0.559772021295,-0.671026489481
"Oct 25, 2016",657.59,11.41,3.9,3.83,-0.56,0.03,10.72,0.84,0.05,90378800,19316000,3154970,-0.544088285382,0.622429807429,-0.573606206232
"Oct 24, 2016",653.76,11.97,3.87,-3.31,-0.07,-0.05,4.65,0.19,0.05,62218200,5739690,2999400,-0.463919796896,0.132941303962,-0.307921752866
"Oct 23, 2016",657.07,12.04,3.92,-0.22,-0.03,0.03,7.24,0.2,0.05,54474600,5774660,3927550,-0.347254903407,0.457951137905,-0.370146461824
"Oct 22, 2016",657.29,12.07,3.89,24.46,-0.11,0.08,25.35,0.24,0.11,78556500,7583820,3858130,-0.325464011989,-0.0180115300958,0.0813642216586
"Oct 21, 2016",632.83,12.18,3.81,1.97,0.08,0.03,3.4,0.19,0.07,55951000,5676920,2881980,0.547253209498,-0.113083153995,0.4341118577
"Oct 20, 2016",630.86,12.1,3.78,0.34,0.08,-0.02,3.66,0.29,0.05,56957300,8170760,2417550,0.453169931382,-0.0520113328294,0.52510969948
"Oct 19, 2016",630.52,12.02,3.8,-7.44,-0.57,-0.04,10.86,0.71,0.08,69381700,10576200,2243800,0.594890345163,-0.0301153294677,0.574229196167
"Oct 18, 2016",637.96,12.59,3.84,-1.23,0.58,-0.07,4.74,0.93,0.4,65546700,18864200,1790400,-0.0909695749242,-0.550687951634,0.417016416139
"Oct 17, 2016",639.19,12.01,3.91,-2.44,0.06,0.02,3.67,0.17,0.06,58063600,5724440,1716740,-0.24690817967,-0.45594629957,-0.475543399706
"Oct 16, 2016",641.63,11.95,3.89,2.98,-0.03,0.02,4.0,0.08,0.03,40298100,3617280,2160150,-0.0332079184003,-0.528802445952,-0.18367904109
"Oct 15, 2016",638.65,11.98,3.87,-1.73,0.04,-0.03,4.71,0.22,0.04,39035400,4991840,1664980,-0.413256674697,-0.840724299841,-0.184666210428
"Oct 14, 2016",640.38,11.94,3.9,3.59,-0.02,-0.01,4.27,0.17,0.03,58144600,4333510,2142390,-0.51784765609,0.156615337304,-0.214313190664
"Oct 13, 2016",636.79,11.96,3.91,0.6,0.03,0.15,3.8,0.35,0.17,61620700,8665190,3798640,-0.367170521922,0.334993295808,-0.183255285366
"Oct 12, 2016",636.19,11.93,3.76,-4.88,0.14,-0.06,5.37,0.36,0.07,92370200,9694640,3154520,-0.400469492072,0.695226271194,0.788672359797
"Oct 11, 2016",641.07,11.79,3.82,22.08,0.03,0.02,23.58,0.41,0.05,103590000,11727700,2025380,-0.66485376045,1.33934510648,0.345695190206
"Oct 10, 2016",618.99,11.76,3.8,2.24,-0.29,-0.02,5.12,0.44,0.05,67481100,10809200,1420790,-0.600580585011,2.35023423976,0.548463743887
"Oct 09, 2016",616.75,12.05,3.82,-2.36,-0.17,-0.02,2.59,0.38,0.04,39243400,7208480,1239070,-0.606920262801,2.25429094312,0.00217923266232
"Oct 08, 2016",619.11,12.22,3.84,1.99,-0.45,-0.02,2.51,0.64,0.03,42345900,11611200,1544210,-0.688499747155,2.17929427784,0.00217923266232
"Oct 07, 2016",617.12,12.67,3.86,4.1,-0.18,0.01,6.09,0.46,0.03,64071400,8933050,1596220,-0.622690575321,0.612777737823,-0.291544127431
"Oct 06, 2016",613.02,12.85,3.85,0.51,-0.19,0.01,2.35,0.45,0.03,56812100,12044800,1415940,0.0967992907585,0.365507095079,0.0018447913521
"Oct 05, 2016",612.51,13.04,3.84,2.31,-0.24,0.02,4.19,0.31,0.02,68077500,9881370,1394850,-0.202891524834,0.219842409038,0.0018447913521
"Oct 04, 2016",610.2,13.28,3.82,-1.93,-0.17,-0.02,2.57,0.32,0.02,49801600,8348280,1116870,-0.299309244487,-0.282873801315,0.58971670735
"Oct 03, 2016",612.13,13.45,3.84,1.24,0.25,0.0,2.11,0.3,0.02,46798300,7458320,1207110,-0.556011137197,-0.222581339862,0.00116310408289
"Oct 02, 2016",610.89,13.2,3.84,-3.09,0.03,-0.01,4.32,0.16,0.06,39249800,4079660,1373630,-0.322615851321,-0.141636610324,0.205451350337
"Oct 01, 2016",613.98,13.17,3.85,4.24,-0.05,0.01,5.31,0.26,0.02,56357000,6331160,1426340,-0.453637079594,-0.403435205697,0.20500923595
"Sep 30, 2016",609.74,13.22,3.84,4.05,0.15,-0.01,5.6,0.32,0.03,56122400,5950840,2104930,-0.51736354367,-0.0986232461842,-0.256148647447
"Sep 29, 2016",605.69,13.07,3.85,0.96,-0.2,0.01,1.97,0.27,0.03,55658600,5990630,1674200,-0.1748320728,-0.155866178997,-0.358532054732
"Sep 28, 2016",604.73,13.27,3.84,-1.44,0.17,-0.01,1.98,0.4,0.04,48722600,10239000,1905040,-0.106730419376,0.0509283579013,-0.266433724638
"Sep 27, 2016",606.17,13.1,3.85,-1.87,0.28,-0.01,4.14,0.35,0.03,49422400,6831070,1734250,-0.486455111708,0.114141118485,-0.663180670079
"Sep 26, 2016",608.04,12.82,3.86,7.21,-0.28,0.05,7.79,0.43,0.07,59153800,7213070,2148250,-0.560131814395,0.657157379607,-0.0878686930279
"Sep 25, 2016",600.83,13.1,3.81,-1.8,0.22,0.0,3.67,0.31,0.03,33977800,5283440,1540650,0.266942876187,0.761354427093,0.171649116192
"Sep 24, 2016",602.63,12.88,3.81,-0.21,-0.45,0.0,2.54,0.66,0.04,35359500,9824880,2118420,0.235445365538,0.12171509996,0.114473866724
"Sep 23, 2016",602.84,13.33,3.81,6.54,0.08,0.04,7.42,0.35,0.06,51067000,9166430,1572350,0.250931303274,-0.237469796414,0.515039465145
"Sep 22, 2016",596.3,13.25,3.77,-0.85,-0.52,-0.07,2.28,1.18,0.09,67085300,27382800,1445220,0.394001786732,-0.127506027231,0.0765426775967
"Sep 21, 2016",597.15,13.77,3.84,-11.16,-0.66,0.0,7.71,1.26,0.11,82776200,28645000,3853090,0.39946207724,-0.344513981076,-0.0266134658509
"Sep 20, 2016",608.31,14.43,3.84,-0.92,1.24,0.01,1.58,1.31,0.04,72710900,31929100,2263260,-0.124145910742,-0.967526925603,-0.0266134658509
"Sep 19, 2016",609.23,13.19,3.83,-0.64,0.76,-0.21,2.66,0.77,0.38,54796400,13838800,1606420,0.123008454186,-0.657931607231,0.0177803452929
"Sep 18, 2016",609.87,12.43,4.04,3.89,-0.27,0.23,4.3,0.83,0.28,48679400,22433300,1727830,-0.0488164745967,-0.34671714917,-0.46849478921
"Sep 17, 2016",605.98,12.7,3.81,-0.99,0.14,0.0,2.67,0.32,0.02,37140300,7446610,1568340,0.258393068259,-0.693692017237,0.20545799741
"Sep 16, 2016",606.97,12.56,3.81,-0.18,0.62,0.0,2.52,0.85,0.03,64963400,17421500,1663730,-0.0249405444294,-0.791561373376,0.559894459304
"Sep 15, 2016",607.15,11.94,3.81,-3.53,0.02,-0.02,3.94,0.22,0.04,59464600,7309090,1793220,0.466843608632,0.183848827325,0.753450166922
"Sep 14, 2016",610.68,11.92,3.83,1.44,0.0,0.01,3.54,0.14,0.03,47877700,5694820,1322330,0.340218448475,-0.142073952882,0.630905975173
"Sep 13, 2016",609.24,11.92,3.82,1.0,0.03,0.0,4.27,0.21,0.04,86920600,11704300,2219650,0.492181815576,-0.307270237092,0.831780042441
"Sep 12, 2016",608.24,11.89,3.82,1.52,0.25,-0.04,3.05,0.34,0.08,72812300,7478080,2454330,0.144466073731,-0.163806763362,0.674644006605
"Sep 11, 2016",606.72,11.64,3.86,-16.79,-0.53,-0.11,28.31,0.62,0.14,73610800,8791180,2100480,0.0870456867704,0.0429372763596,0.482155885937
"Sep 10, 2016",623.51,12.17,3.97,0.65,0.52,0.0,2.71,0.68,0.02,45016800,7220300,661652,-0.680575941077,-0.311816696589,0.152649368754
"Sep 09, 2016",622.86,11.65,3.97,-3.46,0.3,-0.02,6.57,0.29,0.03,64550200,6109200,1450080,-0.527701463073,0.041709922886,0.466687411495
"Sep 08, 2016",626.32,11.35,3.99,11.78,-0.2,0.02,14.93,0.45,0.05,86713000,11535000,2425520,-1.12531479939,0.978241930561,-0.379436085478
"Sep 07, 2016",614.54,11.55,3.97,4.1,-0.14,0.0,6.03,0.21,0.18,75032400,6115050,1988370,-0.918933550232,0.847016360907,-0.536607760223
"Sep 06, 2016",610.44,11.69,3.97,3.85,-0.03,-0.01,5.74,0.26,0.04,78529100,6346330,1699160,-0.897828665954,0.382171382816,-0.488559289222
"Sep 05, 2016",606.59,11.72,3.98,-2.04,0.04,-0.03,6.81,0.22,0.06,82446800,5724100,4245990,-0.650000455082,-0.0363195976895,-0.669202568282
"Sep 04, 2016",608.63,11.68,4.01,10.42,-0.08,0.12,14.99,0.32,0.16,97942900,7220550,4834060,-0.646778713946,-0.314052827572,-0.88382579642
"Sep 03, 2016",598.21,11.76,3.89,22.67,-0.35,0.07,25.44,1.01,0.1,159014000,13358800,2484220,-0.516340131106,-0.572721610505,-0.909471848237
"Sep 02, 2016",575.54,12.11,3.82,3.24,0.12,-0.01,4.83,0.43,0.03,79910800,9368300,1984050,-0.119775855782,-1.70501415065,-0.864874063769
"Sep 01, 2016",572.3,11.99,3.83,-3.17,0.32,0.03,4.5,0.93,0.06,76923400,24051500,2241890,-0.164036643448,-0.702960871823,-1.12678766327
"Aug 31, 2016",575.47,11.67,3.8,-2.03,0.44,0.0,4.22,0.5,0.03,75840900,11073700,1678550,0.171946138043,-0.286477646631,0.138460242368
"Aug 30, 2016",577.5,11.23,3.8,3.39,0.25,0.04,4.25,0.34,0.07,70342400,7221260,2315030,0.0146347950162,0.162712879486,0.00617983501755
"Aug 29, 2016",574.11,10.98,3.76,0.2,0.05,0.02,2.81,0.36,0.05,110398000,8130540,2610000,0.258469809115,0.0731764707036,0.428821861712
"Aug 28, 2016",573.91,10.93,3.74,3.96,-0.22,0.0,4.3,0.23,0.03,86301600,5303040,2380150,0.402232685529,0.117771246876,0.838548976514
"Aug 27, 2016",569.95,11.15,3.74,-9.7,-0.15,-0.09,11.22,0.15,0.1,59698300,15108400,6505780,0.901043245967,-0.0294415380224,-0.108261040737
"Aug 26, 2016",579.65,11.3,3.83,1.89,-0.06,0.03,3.76,0.24,0.06,48856800,5857850,2392690,0.0993571692036,-0.152423627604,-0.341856498175
"Aug 25, 2016",577.76,11.36,3.8,-2.42,0.32,-0.06,5.28,0.37,0.09,136130000,8552380,3206370,0.244591921773,-0.137099954349,-0.289082772243
"Aug 24, 2016",580.18,11.04,3.86,-3.23,0.01,-0.07,3.73,0.14,0.11,56328200,4423420,4425210,-0.220304720886,-0.256583767068,-0.457057418102
"Aug 23, 2016",583.41,11.03,3.93,-3.34,-0.09,0.27,7.84,0.33,0.35,85349200,6489380,12154100,-0.512937306961,-0.237051844117,-0.620910474056
"Aug 22, 2016",586.75,11.12,3.66,5.44,-0.06,0.04,7.86,0.27,0.06,72844000,6588920,2685030,-1.05876171334,-0.342724133331,-0.697280998113
"Aug 21, 2016",581.31,11.18,3.62,-0.39,-0.07,0.0,3.94,0.26,0.03,38299400,4355660,1321380,-0.230462578538,-0.0147467700437,0.19588010992
"Aug 20, 2016",581.7,11.25,3.62,6.07,0.5,0.02,7.36,0.55,0.03,45301400,7443540,1642330,-0.587832119831,-0.00760286902,-0.238380315612
"Aug 19, 2016",575.63,10.75,3.6,1.31,-0.01,-0.01,4.06,0.07,0.02,50631600,5390850,1433570,-0.198749159554,0.564563590827,0.231292381846
"Aug 18, 2016",574.32,10.76,3.61,1.1,0.01,0.01,4.36,0.27,0.04,59896600,6935800,1645410,0.279115338083,0.870173865619,0.415086161143
"Aug 17, 2016",573.22,10.75,3.6,-4.22,-0.39,-0.04,9.46,0.4,0.06,54443000,8833760,1830120,0.359979420975,1.23499139034,0.466881338594
"Aug 16, 2016",577.44,11.14,3.64,10.2,-0.08,0.06,15.02,0.24,0.07,58405200,7051510,2302180,0.293503139317,0.654482213786,0.426460845686
"Aug 15, 2016",567.24,11.22,3.58,-3.23,0.03,-0.07,10.34,0.31,0.11,57262300,7500840,3314040,0.9625297627,0.860626370209,0.819675234864
"Aug 14, 2016",570.47,11.19,3.65,-15.12,-0.38,-0.06,20.89,0.59,0.11,60851100,8680160,2655030,0.546623916758,1.07963417309,0.771924416392
"Aug 13, 2016",585.59,11.57,3.71,-1.97,-0.21,0.0,4.79,0.28,0.07,43563000,7539490,2473190,0.398804195832,-0.115575823407,0.713547831878
"Aug 12, 2016",587.56,11.78,3.71,-1.56,0.09,-0.03,6.1,0.4,0.06,69218000,13690100,2025430,0.376201310265,-0.359476499771,0.582123936433
"Aug 11, 2016",589.12,11.69,3.74,-2.98,-0.45,0.02,8.42,0.64,0.11,74514400,17505000,2374230,-0.071962337337,-0.333299097857,0.158484061874
"Aug 10, 2016",592.1,12.14,3.72,4.3,-0.1,-0.04,13.61,0.48,0.09,102905000,28096300,1656370,-0.601540795301,-0.608585454961,0.075955264267
"Aug 09, 2016",587.8,12.24,3.76,-3.25,0.99,-0.03,6.3,1.25,0.04,92228100,36656600,1878160,-0.303137004299,-0.591883763479,-0.0833678640476
"Aug 08, 2016",591.05,11.25,3.79,-1.64,0.34,0.01,4.94,0.47,0.05,61194100,14956700,1379300,-0.740646522348,-0.597243792305,-0.749159330001
"Aug 07, 2016",592.69,10.91,3.78,4.91,0.03,0.02,10.69,0.31,0.06,82398400,16551000,1335400,-1.17858291469,-0.675473051576,-0.873461409982
"Aug 06, 2016",587.78,10.88,3.76,12.74,-0.05,0.03,18.93,0.65,0.07,80797300,16712600,1371060,0.145043951872,0.0697044122493,0.197501480217
"Aug 05, 2016",575.04,10.93,3.73,-3.25,-0.11,-0.02,8.3,0.42,0.04,66127900,15487900,1162030,0.35879059206,0.189181183898,0.496181277699
"Aug 04, 2016",578.29,11.04,3.75,11.93,0.75,0.03,13.72,1.13,0.04,125292000,38151400,1593350,0.522287074944,0.246950975583,0.548935978032
"Aug 03, 2016",566.36,10.29,3.72,18.89,1.5,0.08,31.81,1.54,0.15,207982000,53979400,2875880,0.662890807048,0.416366956552,0.673673291374
"Aug 02, 2016",547.47,8.79,3.64,-58.8,-2.15,-0.22,81.52,2.94,0.37,330933000,88803300,5039290,0.938148054492,0.956060000969,0.60095337136
"Aug 01, 2016",606.27,10.94,3.86,-18.41,-0.94,-0.15,20.24,1.07,0.2,121887000,23999500,1991690,0.762260464619,1.1760102477,0.25079127925
"Jul 31, 2016",624.68,11.88,4.01,-30.37,-0.58,-0.05,30.91,0.96,0.11,110818000,25441400,1921460,0.434445083375,0.0654251209731,-0.142420017723
"Jul 30, 2016",655.05,12.46,4.06,-1.94,-0.33,-0.02,4.01,0.34,0.03,38456100,9047810,1388580,-0.0937087950374,0.321658873148,-0.0986483008507
"Jul 29, 2016",656.99,12.79,4.08,1.96,-0.05,0.11,3.01,0.32,0.14,60703500,14082300,1744370,0.240628734195,0.0331221802542,-0.0262399095339
"Jul 28, 2016",655.03,12.84,3.97,0.68,-0.13,0.01,3.11,0.5,0.03,86428400,24603900,1728410,0.02749545481,0.271236230665,0.64717424486
"Jul 27, 2016",654.35,12.97,3.96,2.57,0.98,-0.01,9.01,1.47,0.06,147461000,58278800,1847300,-0.150671062782,0.303226915978,0.537297190518
"Jul 26, 2016",651.78,11.99,3.97,-2.32,-1.85,-0.06,10.35,2.12,0.12,225135000,94428800,2545920,0.353597999363,0.152035229572,0.773737026132
"Jul 25, 2016",654.1,13.84,4.03,-7.18,1.09,-0.04,8.44,1.18,0.05,78176500,36673800,1535980,0.307694977708,-0.191789517208,0.5510907518
"Jul 24, 2016",661.28,12.75,4.07,5.72,-1.55,0.01,10.32,2.12,0.04,118184000,77750800,1839420,0.305044789002,-0.167452328773,0.455154683567
"Jul 23, 2016",655.56,14.3,4.06,4.94,-0.36,0.02,7.85,0.85,0.03,69532200,32489700,1568890,0.524360280276,-0.904939941795,0.531175920627
"Jul 22, 2016",650.62,14.66,4.04,-14.39,2.01,-0.08,19.86,2.27,0.11,134169000,74779500,2677970,1.10427608363,-1.02059075047,1.04922526027
"Jul 21, 2016",665.01,12.65,4.12,-0.67,0.2,-0.01,5.81,0.72,0.03,60491800,24636900,1422410,-0.0854505760594,-0.384535648866,0.0641191917676
"Jul 20, 2016",665.68,12.45,4.13,-7.18,0.83,-0.02,9.57,1.42,0.05,94636400,60226100,1908710,-0.0453143797572,-0.165226194349,0.174255561773
"Jul 19, 2016",672.86,11.62,4.15,-0.25,0.59,0.0,5.65,1.0,0.03,61203300,21730000,1563330,-0.338326961055,-0.0337155912931,0.0042355308548
"Jul 18, 2016",673.11,11.03,4.15,-6.35,-0.13,-0.04,12.92,0.66,0.06,69465000,15931900,1577810,-0.436892123031,-0.180526978576,-0.0524852541945
"Jul 17, 2016",679.46,11.16,4.19,18.69,-0.49,0.06,20.38,0.66,0.08,74407900,17921600,2155230,-0.305140905577,-0.225121357829,-0.263542957183
"Jul 16, 2016",660.77,11.65,4.13,-2.48,-0.3,-0.03,7.13,0.35,0.05,50330200,10445700,1378140,-0.289423383161,-0.524729324495,-0.265618107484
"Jul 15, 2016",663.25,11.95,4.16,5.17,0.44,0.01,8.04,0.94,0.03,81673100,26838900,1668020,-0.308904203507,-0.365367328744,-0.466457291071
"Jul 14, 2016",658.08,11.51,4.15,3.61,1.01,0.01,9.98,1.08,0.06,98511400,23621900,1663660,-0.154803983823,-0.196049503514,0.0560470537617
"Jul 13, 2016",654.47,10.5,4.14,-10.08,-0.02,-0.01,14.23,0.19,0.05,131449000,6715660,2215370,0.227199548205,0.772662568256,0.365386570489
"Jul 12, 2016",664.55,10.52,4.15,16.89,0.06,0.06,28.48,0.33,0.12,138173000,11127700,2734250,-0.316567600424,-0.109593493236,-0.111888042022
"Jul 11, 2016",647.66,10.46,4.09,-1.7,-0.49,-0.01,14.65,0.75,0.13,107910000,13098000,3282920,0.301704964994,0.0537885876325,0.49551831285
"Jul 10, 2016",649.36,10.95,4.1,-1.6,-0.02,-0.06,11.03,0.23,0.09,102532000,5479240,3039620,0.215727346951,-0.0823448586384,0.450370750427
"Jul 09, 2016",650.96,10.97,4.16,-15.56,-0.42,-0.06,32.98,0.73,0.27,180536000,17254800,6256370,0.318184646764,0.169856932056,0.479740034306
"Jul 08, 2016",666.52,11.39,4.22,25.96,1.28,0.11,30.24,1.56,0.15,141970000,20039800,5033530,-0.0471729741359,0.121830729093,0.0529111800472
"Jul 07, 2016",640.56,10.11,4.11,-36.77,-0.42,-0.36,70.6,0.77,0.58,258091000,15407200,6277860,0.498999954521,1.51147838251,0.4260210439
"Jul 06, 2016",677.33,10.53,4.47,6.7,-0.08,0.02,11.48,0.83,0.09,134961000,18137300,3238960,0.0120675598987,1.09875495643,-0.142580696449
"Jul 05, 2016",670.63,10.61,4.45,-13.03,-0.86,-0.09,18.42,1.94,0.2,130476000,45526900,4707390,0.0398616849717,1.28061007236,-0.185005093976
"Jul 04, 2016",683.66,11.47,4.54,25.0,-0.25,0.29,33.15,0.49,0.33,92008400,12943500,5062640,-0.284199640124,1.93367030031,-0.380117931737
"Jul 03, 2016",658.66,11.72,4.25,-45.04,-0.41,-0.34,55.96,0.56,0.47,129512000,10588700,7659710,-0.064478057955,0.344364700648,-0.116959511165
"Jul 02, 2016",703.7,12.13,4.59,27.4,-0.07,0.33,27.3,0.27,0.37,112354000,8987070,16646200,-0.53509385081,0.494582335227,-0.710783131587
"Jul 01, 2016",676.3,12.2,4.26,2.96,-0.26,0.07,16.56,0.76,0.15,134431000,17236500,6987180,-0.537253528187,0.461843619687,-0.605432234494
"Jun 30, 2016",673.34,12.46,4.19,33.45,-0.15,0.13,38.79,0.49,0.17,138980000,15801300,2864910,-0.043846193565,0.49533022529,0.0927433787631
"Jun 29, 2016",639.89,12.61,4.06,-7.11,0.43,-0.04,16.4,1.35,0.07,142456000,26982800,2211450,0.269408406966,0.46180713385,0.647736141979
"Jun 28, 2016",647.0,12.18,4.1,-8.27,-1.7,-0.02,21.48,2.26,0.11,138385000,43436600,2867420,-0.153176454944,0.407400293859,-0.237989123565
"Jun 27, 2016",655.27,13.88,4.12,25.9,0.03,0.05,34.75,0.37,0.13,122134000,10994700,2749620,-0.419412591391,-0.381061170557,-0.189330062496
"Jun 26, 2016",629.37,13.85,4.07,-35.75,-0.43,-0.16,49.05,0.71,0.27,109225000,14747600,4480920,0.206307723475,-0.239691131921,0.368654174112
"Jun 25, 2016",665.12,14.28,4.23,-0.18,-0.05,-0.05,45.17,0.56,0.52,126656000,15383100,6057000,0.312968939487,-0.801537569147,0.465985303479
"Jun 24, 2016",665.3,14.33,4.28,41.32,0.65,0.43,56.46,1.35,0.48,224317000,33332900,9364750,0.412714001533,-0.586668645663,0.556271401183
"Jun 23, 2016",623.98,13.68,3.85,27.86,0.58,-0.06,71.19,1.23,0.48,253462000,30806400,11138900,0.648178078899,-0.660115948399,0.941227980398
"Jun 22, 2016",596.12,13.1,3.91,-70.53,-0.21,-0.91,91.19,2.69,1.04,266393000,96994100,11522400,0.875339925249,0.268865016727,0.899763754866
"Jun 21, 2016",666.65,13.31,4.82,-70.58,1.47,-0.47,96.81,2.13,0.59,309944000,69245600,11984800,0.686155155861,0.542683852061,0.868388818256
"Jun 20, 2016",737.23,11.84,5.29,-26.55,-0.39,-0.3,31.35,1.93,0.36,174511000,58143600,4154880,-0.239029410011,0.545307087574,-0.0233889370438
"Jun 19, 2016",763.78,12.23,5.59,7.55,0.9,0.03,20.99,2.54,0.12,136185000,69783600,3760240,-0.529079521046,0.541070276365,-0.446353995398
"Jun 18, 2016",756.23,11.33,5.56,7.32,-4.05,-0.03,44.06,5.42,0.2,252718000,133937000,7878070,-0.301173316194,0.54895349616,-0.278178188897
"Jun 17, 2016",748.91,15.38,5.59,-17.4,-5.21,-0.07,58.8,7.95,0.67,363321000,199408000,12383200,-0.445513698435,0.101432910895,-0.263673230922
"Jun 16, 2016",766.31,20.59,5.66,71.84,2.24,0.42,77.2,2.47,0.41,271634000,38531000,9930590,-0.927025737215,-1.35527735048,-0.63513117082
"Jun 15, 2016",694.47,18.35,5.24,8.91,-0.54,0.04,23.74,1.2,0.13,99223800,19393400,3917000,-0.849152061493,-1.0315000155,-0.543049028854
"Jun 14, 2016",685.56,18.89,5.2,-18.82,1.29,-0.09,41.7,1.97,0.21,186694000,64412200,8488220,-0.792732411983,-0.972760155026,-0.701696338956
"Jun 13, 2016",704.38,17.6,5.29,31.6,1.86,-0.04,51.51,1.92,0.38,243295000,38023400,8668280,-0.957783377086,-0.673057242164,-0.764071683237
"Jun 12, 2016",672.78,15.74,5.33,66.05,1.55,0.32,77.8,1.71,0.41,277085000,38210300,13753200,-0.746232015506,-0.33312081283,-0.808405062617
"Jun 11, 2016",606.73,14.19,5.01,29.26,0.28,0.17,28.45,0.47,0.17,82357000,12176500,10294700,-0.300186561131,-0.132942259543,-0.058166645558
"Jun 10, 2016",577.47,13.91,4.84,2.84,-0.49,0.15,5.8,0.61,0.14,66991900,11312900,6975970,-0.061476447157,0.0479545281478,-0.0326013784446
"Jun 09, 2016",574.63,14.4,4.69,-7.01,-0.02,-0.06,11.25,0.23,0.11,71301000,8256830,6438540,-0.045906600901,-0.531117812514,0.235931548569
"Jun 08, 2016",581.64,14.42,4.75,5.04,-0.09,-0.02,9.71,0.5,0.1,80265800,16941800,3507640,-0.387525527761,-0.430147896764,0.215988120484
"Jun 07, 2016",576.6,14.51,4.77,-8.94,0.58,-0.19,22.75,0.7,0.26,107770000,21421600,3881380,-0.578890452539,-0.632321500152,-0.0674231135003
"Jun 06, 2016",585.54,13.93,4.96,10.56,-0.04,0.15,11.87,0.33,0.16,72138900,8720400,2993510,-0.860465871144,0.0875767595501,-0.517054450008
"Jun 05, 2016",574.98,13.97,4.81,2.25,0.23,0.0,13.63,0.5,0.05,68874100,11088400,2257820,-0.775823138816,0.132287100455,-0.447882634791
"Jun 04, 2016",572.73,13.74,4.81,3.54,-0.11,-0.05,25.89,0.53,0.13,94925300,15792400,3214800,-0.649096645937,-0.34132714546,-0.377615196664
"Jun 03, 2016",569.19,13.85,4.86,31.22,0.11,0.14,37.72,0.62,0.16,122020000,22981500,4061990,-0.737404271527,-0.539805100883,-0.79974599895
"Jun 02, 2016",537.97,13.74,4.72,1.05,-0.26,-0.02,7.27,0.42,0.08,60378200,10477200,2121360,-0.352736389714,-0.69021633839,-0.0550421380014
"Jun 01, 2016",536.92,14.0,4.74,5.53,-0.08,0.09,17.44,0.88,0.15,86061800,22471300,4577160,-0.56543543964,-1.25835249646,-0.479437099526
"May 31, 2016",531.39,14.08,4.65,-2.47,1.35,-0.02,25.96,1.63,0.15,138450000,42433400,5187600,-0.719374201692,-0.344243640504,-0.625882259001
"May 30, 2016",533.86,12.73,4.67,7.63,0.38,0.06,21.39,0.61,0.11,87958700,14733800,3805050,-0.817409409313,-0.0318973246842,-0.710341312605
"May 29, 2016",526.23,12.35,4.61,-3.81,0.46,-0.09,41.78,0.91,0.28,148737000,28598400,7351420,-0.773927353603,0.140907471105,-0.78426434291
"May 28, 2016",530.04,11.89,4.7,56.58,0.59,0.2,60.77,1.99,0.32,181199000,47274800,11564700,-0.870946021416,0.524832131747,-0.94776287235
"May 27, 2016",473.46,11.3,4.5,20.08,-1.13,0.42,24.63,1.89,0.59,164781000,57496400,10821100,-1.05424262434,1.45241792874,-0.746507140707
"May 26, 2016",453.38,12.43,4.08,3.78,-0.1,0.03,5.74,0.93,0.07,65203800,20764000,2530850,-0.64416529415,0.810872859996,-0.577706665272
"May 25, 2016",449.6,12.53,4.05,3.62,-0.2,0.1,4.24,1.13,0.1,65231000,27444700,2765530,-0.45171332718,0.480611903786,-0.70643658774
"May 24, 2016",445.98,12.73,3.95,1.83,-0.73,-0.02,3.17,1.76,0.04,65783100,41560600,1742000,-0.468834151158,0.690558335581,-0.646003672479
"May 23, 2016",444.15,13.46,3.97,4.83,-0.83,0.04,5.53,1.3,0.07,50582500,23842800,1868020,0.280237072377,0.054667035452,0.0776754606133
"May 22, 2016",439.32,14.29,3.93,-3.87,0.27,-0.02,4.39,0.58,0.09,39657600,17938900,1849720,0.417333135297,-0.454079294614,0.12496902672
"May 21, 2016",443.19,14.02,3.95,0.51,0.38,0.07,2.07,0.93,0.09,42762300,24648400,1938010,0.314858432602,-0.627400173522,0.146556069712
"May 20, 2016",442.68,13.64,3.88,3.97,-1.13,0.05,6.66,1.67,0.1,81987900,50544100,3638250,0.431351440687,-0.81926399438,0.472086068336
"May 19, 2016",438.71,14.77,3.83,-15.91,1.21,-0.17,15.92,1.53,0.2,96027400,53757500,3380010,0.521879302953,-1.39520852621,0.48100487351
"May 18, 2016",454.62,13.56,4.0,0.84,1.36,0.02,2.7,2.08,0.06,86850100,65389900,2377740,0.119834754404,-0.773526225732,-0.286183453247
"May 17, 2016",453.78,12.2,3.98,-0.38,1.03,-0.03,1.46,1.34,0.06,64100300,37198700,2663640,0.112881914377,-0.64793639225,-0.448672129428
"May 16, 2016",454.16,11.17,4.01,-3.41,1.21,-0.05,5.26,1.47,0.18,59171500,29079900,3632510,-0.141930988716,-0.402808352549,-0.500672194483
"May 15, 2016",457.57,9.96,4.06,1.9,-0.28,0.05,3.23,0.51,0.13,28514000,9218400,2096570,-1.71215275643,-0.316868125755,-1.34256750066
"May 14, 2016",455.67,10.24,4.01,0.0,-0.27,0.08,2.05,0.81,0.13,37209000,18808000,2444920,0.221670790067,-0.588370809031,0.0945908590334
"May 13, 2016",455.67,10.51,3.93,0.9,0.45,0.07,3.61,1.03,0.13,60845000,31276900,2624100,0.130805352933,-0.674085420419,0.0315056531873
"May 12, 2016",454.77,10.06,3.86,2.04,0.06,-0.02,5.7,0.65,0.1,59849300,24137700,1798920,0.171477250823,-0.501815236319,0.162042388165
"May 11, 2016",452.73,10.0,3.88,1.84,0.64,0.06,3.72,0.62,0.1,50605200,15267500,2458140,0.324445313275,-0.469364737426,-0.0718505431253
"May 10, 2016",450.89,9.36,3.82,-9.59,0.06,-0.24,12.98,0.22,0.32,58956100,9321790,3688200,-0.079489857741,0.436676048766,-0.142507406143
"May 09, 2016",460.48,9.3,4.06,1.93,-0.18,0.12,5.95,0.44,0.18,55493100,13085300,3120940,-0.605977706172,0.0905796107604,-0.847022635399
"May 08, 2016",458.55,9.48,3.94,0.00999999999999,0.11,-0.01,3.44,0.67,0.05,40315000,15031000,1783970,-0.311274500394,-0.103170980929,-0.585467136315
"May 07, 2016",458.54,9.37,3.95,-1.06,0.02,0.13,3.36,0.27,0.18,38364500,10806500,3278610,-0.515494205624,0.365103570531,-0.856084789187
"May 06, 2016",459.6,9.35,3.82,11.62,-0.48,0.11,14.31,0.91,0.11,72796800,21510600,1899060,-0.223079430159,-0.103743409266,-0.382980042055
"May 05, 2016",447.98,9.83,3.71,1.26,0.42,-0.04,2.63,0.76,0.05,50440800,18296200,1702120,0.0196725231966,-0.269633395674,-0.243242473163
"May 04, 2016",446.72,9.41,3.75,-3.58,0.1,0.01,4.75,0.76,0.05,50407300,17622400,1716110,0.320145082478,-0.46017860809,0.164055026162
"May 03, 2016",450.3,9.31,3.74,5.63,-0.85,0.06,8.48,0.89,0.1,59366400,21463900,2363200,-0.036399218488,-0.530529686486,0.137879219746
"May 02, 2016",444.67,10.16,3.68,-7.21,1.31,-0.03,10.66,1.47,0.14,92127000,41019200,2667410,0.00710432795041,-0.568913661405,0.567045277391
"May 01, 2016",451.88,8.85,3.71,3.56,0.04,0.05,4.55,0.58,0.08,40660100,16713800,1911590,0.280183042597,-0.423797734907,0.777713893339
"Apr 30, 2016",448.32,8.81,3.66,-6.78,1.35,-0.15,7.89,1.92,0.18,69322600,36573300,2502180,0.258726636217,-0.347373384555,0.231536990782
"Apr 29, 2016",455.1,7.46,3.81,6.09,0.29,0.02,9.36,0.56,0.13,49258500,8762080,2467080,0.0764766465986,0.299137018545,-0.224463400922
"Apr 28, 2016",449.01,7.17,3.79,4.32,-0.59,-0.1,12.9,0.74,0.19,74064700,11576000,3952590,0.035296292592,0.694630218032,-0.496499254986
"Apr 27, 2016",444.69,7.76,3.89,-21.4,0.36,-0.16,22.95,0.65,0.36,93564900,19254500,9435190,0.0313901644809,0.056599798618,-0.685280401885
"Apr 26, 2016",466.09,7.4,4.05,4.66,-0.15,0.24,6.34,0.49,0.32,78971900,17667300,6717450,-0.833709393359,0.477367344695,-1.06091068084
"Apr 25, 2016",461.43,7.55,3.81,2.87,-0.45,0.18,13.03,0.85,0.32,87091800,18239900,6605750,-0.908701484983,0.583879980249,-0.881020536724
"Apr 24, 2016",458.56,8.0,3.63,8.28,-0.29,0.3,11.22,0.51,0.3,68198400,10786400,4502460,-1.05122906687,0.474277575314,-0.565392590657
"Apr 23, 2016",450.28,8.29,3.33,4.54,0.47,0.01,5.95,0.81,0.03,50485400,14565200,1383790,-1.04049275289,0.480861873232,-0.484497165596
"Apr 22, 2016",445.74,7.82,3.32,-3.69,-0.28,-0.03,5.66,0.6,0.04,58804400,13309300,1569850,-0.849019762987,5.72426502129,-0.294603645554
"Apr 21, 2016",449.43,8.1,3.35,8.04,-0.37,0.07,9.6,0.76,0.08,68204700,13355400,1688230,-0.893035318102,0.298004151131,-0.430644282114
"Apr 20, 2016",441.39,8.47,3.28,5.88,-0.24,-0.01,8.64,0.52,0.02,72890100,15634700,1638920,-0.630184267847,-0.0961760671959,0.00388236122099
"Apr 19, 2016",435.51,8.71,3.29,6.92,-0.33,0.05,7.92,0.71,0.05,52810500,12899100,1333410,-0.623294379729,-0.144365575019,-0.341386827379
"Apr 18, 2016",428.59,9.04,3.24,1.19,-0.27,-0.02,2.18,1.01,0.03,55670900,21084100,1317730,-0.354732864736,-0.560312448206,0.00322215486242
"Apr 17, 2016",427.4,9.31,3.26,-3.17,0.7,-0.01,5.29,1.14,0.03,52125900,24619600,1211900,-0.150386686418,-1.27196577094,0.00322215486242
"Apr 16, 2016",430.57,8.61,3.27,0.86,0.37,-0.01,3.65,0.54,0.02,39392800,9888460,1155850,-0.696259332823,0.0479467250577,-0.27607681114
"Apr 15, 2016",429.71,8.24,3.28,5.43,-0.15,0.04,5.5,0.52,0.04,54801500,12179000,1404400,-0.704389580765,0.241147665691,-0.497836475832
"Apr 14, 2016",424.28,8.39,3.24,0.55,0.35,0.0,2.36,0.74,0.03,45281000,13590700,1190770,-0.672709425415,0.254141521989,-0.294097734352
"Apr 13, 2016",423.73,8.04,3.24,-1.46,0.6,-0.02,3.74,1.65,0.03,69060400,31403300,1295720,-0.409691580438,0.547485787357,-0.294097734352
"Apr 12, 2016",425.19,7.44,3.26,2.71,-1.2,0.02,4.44,1.49,0.05,70728800,23190100,1305310,-0.251810734786,1.2587407599,-0.112709394918
"Apr 11, 2016",422.48,8.64,3.24,0.92,-0.3,0.01,2.21,0.95,0.03,50747500,15138100,1061060,0.119585008525,2.80003676597,0.267707650939
"Apr 10, 2016",421.56,8.94,3.23,2.15,-0.21,0.01,3.18,1.76,0.04,73478600,42613400,1417490,0.335620918454,1.01705321769,0.268728054896
"Apr 09, 2016",419.41,9.15,3.22,-0.94,-0.57,0.0,4.38,1.02,0.03,49792700,16194800,1224580,0.251777041564,1.20343621974,0.443895123108
"Apr 08, 2016",420.35,9.72,3.22,-2.4,-0.35,-0.03,5.73,0.73,0.04,63454700,14660600,1352320,0.0691362008978,1.13360804229,0.603849970352
"Apr 07, 2016",422.75,10.07,3.25,-0.66,-0.62,-0.01,3.14,0.86,0.03,57858600,13464500,1150280,-0.31518152695,0.813765819577,0.268433825482
"Apr 06, 2016",423.41,10.69,3.26,-0.62,0.25,0.01,1.8,0.69,0.02,59091000,16997100,1088910,-0.774538766102,0.549091984766,-0.391304527835
"Apr 05, 2016",424.03,10.44,3.25,2.59,-0.72,0.0,3.65,1.08,0.03,60718000,20557300,863788,-1.30092082589,0.560356261591,0.152652142071
"Apr 04, 2016",421.44,11.16,3.25,0.54,-0.46,-0.01,2.74,0.6,0.05,50634300,9599070,1188610,-1.30621263257,0.529579833182,-0.276669225602
"Apr 03, 2016",420.9,11.62,3.26,0.03,0.02,0.0,1.88,0.2,0.02,38053700,5580550,1281200,-0.546622580114,0.0391306277985,-0.275625473101
"Apr 02, 2016",420.87,11.6,3.26,2.91,-0.06,0.02,3.66,0.29,0.04,45681200,8682620,1174830,0.177494575366,0.0588746726909,0.00402239003358
"Apr 01, 2016",417.96,11.66,3.24,1.23,0.26,-0.02,2.34,0.45,0.03,51235700,11373100,1316230,0.513416066714,-0.414988325423,0.433907604459
"Mar 31, 2016",416.73,11.4,3.26,1.91,-0.55,0.04,3.11,0.69,0.05,60215200,14966700,1704440,0.0512273374284,-0.101155298565,-0.136774884461
"Mar 30, 2016",414.82,11.95,3.22,-1.7,0.29,-0.01,4.33,0.71,0.08,66034100,19351200,1450290,0.0951711280503,-0.382192639367,0.0585884087597
"Mar 29, 2016",416.52,11.66,3.23,-7.71,-0.01,-0.03,13.52,0.56,0.08,75411500,17684200,1764730,0.00148755400837,-0.0999698216777,-0.0466595870501
"Mar 28, 2016",424.23,11.67,3.26,-2.53,1.25,-0.04,3.57,1.45,0.04,68522800,23188300,1427140,-0.306914724212,0.208246678256,-0.102856540723
"Mar 27, 2016",426.76,10.42,3.3,8.82,-0.55,0.07,11.09,0.94,0.09,71229400,16744800,2089890,-0.473597732161,0.265158444733,-0.463419868945
"Mar 26, 2016",417.94,10.97,3.23,0.76,0.23,0.0,2.73,0.59,0.03,44650400,9425480,1117430,-0.435860800327,0.264065326821,-0.367714347789
"Mar 25, 2016",417.18,10.74,3.23,0.79,-0.49,0.01,2.52,0.84,0.03,52560000,13782000,1200290,-0.311663450165,-0.0406524668896,-0.226882906377
"Mar 24, 2016",416.39,11.23,3.22,-1.65,-1.19,-0.02,3.19,1.7,0.03,68346700,26081800,1394180,-0.488942110735,-0.0985822472057,-0.390827184065
"Mar 23, 2016",418.04,12.42,3.24,-0.05,1.15,0.01,1.91,1.19,0.03,61444200,19353200,1703040,-0.843462515714,-0.279063250541,-0.934381077167
"Mar 22, 2016",418.09,11.27,3.23,4.78,-0.59,0.03,5.85,0.85,0.04,66813300,19730300,1265140,0.0955913412228,-0.0157822520707,0.254245733591
"Mar 21, 2016",413.31,11.86,3.2,-0.44,1.54,-0.01,3.04,1.85,0.02,61655400,28572600,507480,0.14276274129,0.172600183426,0.365263062586
"Mar 20, 2016",413.75,10.32,3.21,3.31,-0.21,0.03,4.23,1.33,0.03,45947900,17651100,926158,0.119608227131,1.12344978427,0.32958903359
"Mar 19, 2016",410.44,10.53,3.18,0.89,-0.47,0.01,3.75,1.42,0.03,58423000,26735700,617579,0.241015578145,0.629475985209,0.414507748516
"Mar 18, 2016",409.55,11.0,3.17,-11.07,-0.08,-0.14,14.41,2.66,0.16,104940000,53956800,1502010,0.178341996779,0.773839941138,0.497220474394
"Mar 17, 2016",420.62,11.08,3.31,3.61,-1.44,0.0,3.11,2.2,0.02,83528600,41650600,1038460,-1.37499890154,0.494230388819,-0.391318575318
"Mar 16, 2016",417.01,12.52,3.31,0.18,-0.49,0.0,1.78,1.23,0.02,65185800,24335500,692940,0.203012119889,-0.153619944289,0.357310442276
"Mar 15, 2016",416.83,13.01,3.31,0.39,0.56,0.01,3.14,1.15,0.04,66781700,28404500,747107,0.0176882128156,-0.190170303497,-0.0611209247953
"Mar 14, 2016",416.44,12.45,3.3,2.38,-2.02,-0.01,2.48,3.43,0.04,95259400,58385100,670283,-0.0534096783172,-0.0187939849263,-0.0613310617842
"Mar 13, 2016",414.06,14.47,3.31,2.44,0.94,0.02,4.96,1.79,0.04,74322800,43915100,1140930,0.0027235918337,-0.719762961701,-0.20037405427
"Mar 12, 2016",411.62,13.53,3.29,-10.07,2.45,-0.09,11.71,2.44,0.12,92712900,48957300,1076560,0.113518580874,-0.639325964899,-0.0596234925479
"Mar 11, 2016",421.69,11.08,3.38,4.56,-0.22,0.09,6.92,1.21,0.11,73969700,21002700,1804450,-1.11137754353,0.104716575259,-0.865585790471
"Mar 10, 2016",417.13,11.3,3.29,2.27,-0.6,0.01,4.26,1.25,0.04,81022900,26851500,898376,-1.08868428136,0.0144138025378,-0.843937900267
"Mar 09, 2016",414.86,11.9,3.28,0.89,2.05,0.03,4.42,2.38,0.06,70012300,27540500,1247320,-0.113626765366,-0.166599723837,-0.140728979741
"Mar 08, 2016",413.97,9.85,3.25,-0.35,0.3,-0.02,5.15,1.35,0.05,70311700,25524300,918434,0.201708418778,-0.0649867253132,0.297898225909
"Mar 07, 2016",414.32,9.55,3.27,6.61,-1.83,0.05,9.61,2.34,0.07,85762400,34085100,1057270,0.251532277314,-0.168868852152,0.401775341254
"Mar 06, 2016",407.71,11.38,3.22,7.14,0.38,0.03,16.13,1.85,0.08,91212500,39112000,1010650,0.765230844128,-2.72009194887,1.13684939222
"Mar 05, 2016",400.57,11.0,3.19,-10.37,0.59,-0.06,17.22,2.3,0.12,135385000,56439600,1689010,1.80084444137,-2.69628005543,2.92620640003
"Mar 04, 2016",410.94,10.41,3.25,-10.71,1.12,-0.07,14.24,1.93,0.1,90856100,35520100,1459960,0.790988263816,-1.43251691631,1.29401468601
"Mar 03, 2016",421.65,9.29,3.32,-2.34,0.82,-0.05,5.96,1.77,0.05,100484000,40314900,1812040,0.431717245708,-0.996579466232,0.53324356849
"Mar 02, 2016",423.99,8.47,3.37,-11.13,0.82,-0.06,11.93,1.38,0.07,74955300,29130200,1469810,0.318688290941,-0.976558983002,0.334520498591
"Mar 01, 2016",435.12,7.65,3.43,-2.58,1.31,-0.02,7.33,1.6,0.04,74895800,23098100,1133580,-0.605853612102,-0.545020087394,-0.467301179321
"Feb 29, 2016",437.7,6.34,3.45,4.2,-0.13,0.01,9.82,0.56,0.07,60694700,7648020,1431670,-0.853491519789,-0.0575637578741,-0.740448330736
"Feb 28, 2016",433.5,6.47,3.44,0.98,0.04,0.03,11.86,0.38,0.11,53033400,9851660,986849,-0.858209076342,-0.499142561331,-0.274594200586
"Feb 27, 2016",432.52,6.43,3.41,0.37,0.51,-0.01,6.13,0.61,0.06,41893600,8903210,731107,0.129884026852,-0.448023015639,0.334505519415
"Feb 26, 2016",432.15,5.92,3.42,7.61,-0.18,0.05,10.53,0.53,0.1,61486000,9526860,1849390,0.162909996414,-0.53996232525,0.185001877584
"Feb 25, 2016",424.54,6.1,3.37,-0.41,-0.14,0.0,7.3,1.1,0.07,70798000,21471800,1556360,0.340114571042,-0.877665706086,0.5215717489
"Feb 24, 2016",424.95,6.24,3.37,4.21,0.65,-0.03,11.64,0.73,0.1,67743700,11426500,1909510,-0.0659391164186,-0.539718051334,-0.237002731549
"Feb 23, 2016",420.74,5.59,3.4,-17.01,-0.03,-0.08,22.04,0.56,0.14,85244900,13380600,2416790,0.0436110593995,-0.484703817219,-0.30721175123
"Feb 22, 2016",437.75,5.62,3.48,-1.05,0.97,0.02,6.13,1.01,0.08,85385200,15056200,2066780,-0.649720393042,-0.790326702284,-0.591808926344
"Feb 21, 2016",438.8,4.65,3.46,1.64,0.31,0.0,18.97,0.48,0.18,89820700,6413550,3518950,-1.02137371718,-0.077369855131,-0.627119807419
"Feb 20, 2016",437.16,4.34,3.46,16.37,-0.4,0.21,20.38,0.62,0.24,93992100,8631090,3677250,-1.31846925962,0.360401583916,-0.735450445875
"Feb 19, 2016",420.79,4.74,3.25,-1.58,0.34,0.0,5.5,0.52,0.04,55711300,7666320,1780240,-0.434159567885,0.213415147575,-0.352439263456
"Feb 18, 2016",422.37,4.4,3.25,6.05,0.64,0.01,10.36,1.35,0.04,76752600,17054000,1422270,-0.816116826352,0.385009829475,-0.669578300534
"Feb 17, 2016",416.32,3.76,3.24,8.83,-0.56,0.03,14.39,1.27,0.06,83193600,15451000,1857460,-0.867938951227,0.959895419995,-0.741439051633
"Feb 16, 2016",407.49,4.32,3.21,7.3,-0.97,0.03,7.51,1.44,0.04,73093100,15889100,1479430,-0.774111089865,0.868075457303,-0.747888341403
"Feb 15, 2016",400.19,5.29,3.18,-7.04,0.05,-0.03,12.63,0.87,0.08,74070500,13934200,1521240,-0.480683041792,-0.213533087052,-0.405825106143
"Feb 14, 2016",407.23,5.24,3.21,15.37,-0.15,0.08,14.3,1.02,0.06,74469800,11226500,1924190,-1.13802868474,-0.340654189484,-0.815110658642
"Feb 13, 2016",391.86,5.39,3.13,7.6,-0.16,0.02,7.22,1.53,0.03,61911700,24218800,1313500,-1.13006043033,-0.678426901055,-0.798320527862
"Feb 12, 2016",384.26,5.55,3.11,4.61,-0.46,0.03,5.35,1.51,0.04,67042800,23360800,1041630,-0.42809198275,-0.912935876487,-0.160594581717
"Feb 11, 2016",379.65,6.01,3.08,-2.0,1.57,-0.02,6.73,1.95,0.06,74375600,26408200,1263660,-0.193337276164,-2.14705230597,0.196930991949
"Feb 10, 2016",381.65,4.44,3.1,5.62,0.4,0.02,9.7,1.08,0.05,85130900,28640400,1358800,0.186765325066,-1.40774395764,0.323403535721
"Feb 09, 2016",376.03,4.04,3.08,2.58,0.86,0.02,4.35,0.87,0.03,55318500,17954000,1197280,0.637296712623,-0.932260385766,0.774110996223
"Feb 08, 2016",373.45,3.18,3.06,-3.17,0.22,-0.03,6.55,0.39,0.05,47671100,9725690,964279,-0.0591826533925,-0.72684534075,-0.0286070387511
"Feb 07, 2016",376.62,2.96,3.09,0.1,0.43,-0.01,5.97,0.52,0.05,37076300,7007060,1168970,-0.0305020330997,-0.628681767677,-0.0282326822769
"Feb 06, 2016",376.52,2.53,3.1,-10.03,-0.01,-0.04,14.24,0.09,0.07,49249300,1921240,1394670,-0.0566673498809,-0.671718079311,-0.0656363857677
"Feb 05, 2016",386.55,2.54,3.14,-3.04,-0.04,-0.02,5.52,0.14,0.03,43825000,2636700,1211900,-0.409342107989,-0.371707436946,-0.353862392626
"Feb 04, 2016",389.59,2.58,3.16,19.64,0.05,0.11,21.62,0.19,0.12,69285500,3552320,2059350,-0.214687500584,-0.153923995661,-0.299898211434
"Feb 03, 2016",369.95,2.53,3.05,-4.5,0.09,-0.03,6.9,0.2,0.05,45933400,3987750,1406560,0.401510496754,-0.0269547151636,0.503056812858
"Feb 02, 2016",374.45,2.44,3.08,1.39,0.23,0.0,2.96,0.29,0.03,40378700,3451270,1279650,0.255709151782,0.161995001594,0.360074463449
"Feb 01, 2016",373.06,2.21,3.08,4.29,-0.1,0.03,10.11,0.2,0.04,51656700,3994100,1502430,0.646435942038,0.416310477781,0.622616394487
"Jan 31, 2016",368.77,2.31,3.05,-9.48,-0.14,-0.03,12.52,0.34,0.07,37894300,5847500,1450600,0.738668014346,-0.0386551811449,0.225558185503
"Jan 30, 2016",378.25,2.45,3.08,-1.22,-0.04,-0.03,4.43,0.21,0.04,30284400,3725080,1298980,0.443542767068,0.100950715331,0.118981267616
"Jan 29, 2016",379.47,2.49,3.11,-0.82,-0.04,-0.01,18.93,0.31,0.08,86125300,6662340,2555880,0.680501515715,-0.332234499886,0.157276357309
"Jan 28, 2016",380.29,2.53,3.12,-14.68,0.14,-0.17,15.76,0.34,0.19,59247900,4903850,3075380,0.150834223522,-0.578856082136,-0.0213026485373
"Jan 27, 2016",394.97,2.39,3.29,2.82,0.11,0.14,5.06,0.4,0.16,47424400,6961080,5341690,-0.285845473925,-0.742045259094,-0.653962104844
"Jan 26, 2016",392.15,2.28,3.15,0.42,-0.22,0.02,7.2,0.85,0.05,58147000,13939200,2926650,0.256704670686,-0.552438668642,0.194049443715
"Jan 25, 2016",391.73,2.5,3.13,-11.24,0.36,-0.05,13.77,0.6,0.08,59062400,10739300,1940070,0.390843395775,-0.918341642821,0.555851147196
"Jan 24, 2016",402.97,2.14,3.18,15.48,0.17,0.08,17.98,0.4,0.11,54824800,9669770,1806510,-0.175459656947,-0.866351029872,-0.145448639062
"Jan 23, 2016",387.49,1.97,3.1,5.0,0.47,0.02,12.56,0.53,0.07,56247400,7370980,2384900,0.0255092440242,-0.52953552578,-0.0255043873541
"Jan 22, 2016",382.49,1.5,3.08,-27.77,-0.05,-0.14,35.13,0.11,0.19,91546600,1567240,3589150,0.0266866878993,-0.382906566538,-0.0258674664688
"Jan 21, 2016",410.26,1.55,3.22,-9.97,0.02,-0.17,16.58,0.1,0.19,68338000,1614960,3665110,-0.232040457193,-0.840326359383,-0.121069066409
"Jan 20, 2016",420.23,1.53,3.39,40.08,0.16,0.37,48.67,0.27,0.44,121720000,2933220,4438610,-0.616399637387,-0.813859154729,-0.498861842516
"Jan 19, 2016",380.15,1.37,3.02,-7.02,-0.06,-0.03,8.76,0.15,0.07,46819800,2446740,1626900,0.346079167394,-0.585137555903,0.460940313655
"Jan 18, 2016",387.17,1.43,3.05,4.87,0.1,0.02,11.43,0.22,0.08,54403900,4278930,2304070,0.310517547777,-1.56511518445,0.436073942326
"Jan 17, 2016",382.3,1.33,3.03,-5.24,0.11,-0.06,10.87,0.12,0.08,45319600,1171150,1905660,0.366684741042,-0.910101995879,0.471196635247
"Jan 16, 2016",387.54,1.22,3.09,23.21,0.01,0.09,35.65,0.14,0.19,120352000,2462630,4170270,0.407209736724,-0.946194196747,0.47204363768
"Jan 15, 2016",364.33,1.21,3.0,-65.98,0.02,-0.47,65.92,0.18,0.46,153351000,3910550,5117640,0.641777765093,-1.2784851144,0.57779839642
"Jan 14, 2016",430.31,1.19,3.47,-2.06,0.06,-0.01,5.47,0.09,0.03,43945500,751961,2044890,0.71589923205,-1.22376763204,0.618905240309
"Jan 13, 2016",432.37,1.13,3.48,-3.32,-0.01,-0.01,10.75,0.07,0.06,173888000,1005910,6745630,0.856227765929,-0.828724849144,0.616862140717
"Jan 12, 2016",435.69,1.14,3.49,-12.74,0.08,-0.07,12.49,0.23,0.07,115607000,2898760,4566050,0.912266077352,-1.39023172555,0.750040230392
"Jan 11, 2016",448.43,1.06,3.56,0.44,0.060769,0.02,6.8,0.070784,0.04,40450000,1011920,2931030,-0.298925136767,-0.817041088667,-0.330661393703
"Jan 10, 2016",447.99,0.999231,3.54,0.38,0.012398,-0.02,7.96,0.024901,0.06,35995900,390888,2462000,-0.239618380731,-0.515388346593,-0.199919121995
"Jan 09, 2016",447.61,0.986833,3.56,-5.62,4.4e-05,-0.01,7.75,0.018745,0.05,32278000,226281,2934720,-0.214006311768,-0.325325180851,-0.165513884259
"Jan 08, 2016",453.23,0.986789,3.57,-4.82,0.044784,-0.03,14.99,0.05211,0.11,56993000,545600,3277990,-0.370628520703,-0.125393782722,-0.256679197193
"Jan 07, 2016",458.05,0.942005,3.6,28.94,-0.008855,0.15,29.69,0.038793,0.17,87562200,647462,4560680,-0.395806906611,-0.0465879323187,-0.289672074616
"Jan 06, 2016",429.11,0.95086,3.45,-2.85,0.000684,-0.02,5.52,0.024951,0.03,34042500,308791,2208860,0.460660761343,-0.0222067705618,0.701451020795
"Jan 05, 2016",431.96,0.950176,3.47,-1.13,-0.004304,-0.03,4.5,0.024054,0.06,34522600,219833,2104650,-0.0991858392057,-0.168673828365,0.0901363848459
"Jan 04, 2016",433.09,0.95448,3.5,3.08,-0.017425,0.02,5.44,0.046603,0.03,38477500,346245,3309740,-0.436869461976,-0.429757484584,-0.411089657308
"Jan 03, 2016",430.01,0.971905,3.48,-3.43,0.034781,-0.02,9.03,0.057049,0.06,39633800,407632,2406150,0.151676325054,-1.11216844774,0.158604464546
"Jan 02, 2016",433.44,0.937124,3.5,-0.89,-0.0109,-0.01,4.19,0.033077,0.04,30096600,255504,3020260,-0.388908955653,-1.1038780789,-0.215586632814
"Jan 01, 2016",434.33,0.948024,3.51,3.76,0.014482,0.03,8.74,0.02338,0.06,36278900,206062,2791170,-0.403167343947,-1.04813625639,-0.214877505976
"Dec 31, 2015",430.57,0.933542,3.48,3.95,0.021584,0.02,14.18,0.065137,0.09,45996600,663994,2667620,-0.45927067055,-0.849566933388,-0.346845274516
"Dec 30, 2015",426.62,0.911958,3.46,-6.36,0.038904,-0.04,12.31,0.074452,0.06,46889400,604078,2202460,0.341581506586,-0.368770499464,0.356689407402
"Dec 29, 2015",432.98,0.873054,3.5,10.7,0.028049,0.03,12.35,0.039822,0.08,51596500,215742,2161460,0.259301668614,-0.116861358073,0.31084077727
"Dec 28, 2015",422.28,0.845005,3.47,-0.54,-0.01136,-0.01,11.29,0.039462,0.07,49638600,235134,1647170,0.242073679528,0.291191289781,0.240333617687
"Dec 27, 2015",422.82,0.856365,3.48,5.55,0.001762,0.06,15.13,0.020387,0.1,53591200,164565,2048800,0.169460350304,0.190917695086,-0.083387082367
"Dec 26, 2015",417.27,0.854603,3.42,-38.38,-0.01576,-0.2,51.73,0.059139,0.26,116166000,425282,3880050,0.258985015362,0.581604635954,0.0851844266487
"Dec 25, 2015",455.65,0.870363,3.62,0.66,0.007101,-0.02,6.24,0.020563,0.08,39078500,187114,1628860,-0.424880818632,0.425814637648,-0.173489463065
"Dec 24, 2015",454.99,0.863262,3.64,12.59,0.005185,0.06,15.38,0.035218,0.09,57157200,354646,2530790,0.143773595803,0.620464474549,0.148948606228
"Dec 23, 2015",442.4,0.858077,3.58,5.83,-0.006125,0.16,7.91,0.026875,0.16,47161400,334993,2274490,0.506051283119,0.978246189123,0.332676744985
"Dec 22, 2015",436.57,0.864202,3.42,-2.07,-0.036569,-0.04,8.17,0.047467,0.08,50840400,454249,1366080,0.455095868123,1.20502129255,0.976398277271
"Dec 21, 2015",438.64,0.900771,3.46,-4.05,-0.003114,-0.08,17.42,0.026208,0.12,77639700,549113,2244460,0.371641903451,1.05866519771,0.622782867143
"Dec 20, 2015",442.69,0.903885,3.54,-19.63,-0.004187,-0.18,28.3,0.043744,0.27,75409400,472164,2853130,0.483639129206,1.35550982697,0.685274241116
"Dec 19, 2015",462.32,0.908072,3.72,-1.3,-0.012055,-0.04,8.82,0.036958,0.07,47892700,343535,1480630,-0.340414498986,0.814034140711,-0.180985797688
"Dec 18, 2015",463.62,0.920127,3.76,7.54,-0.020574,0.02,10.24,0.031412,0.08,60220100,300787,2642590,-0.572549719874,0.230531780282,-0.218719063104
"Dec 17, 2015",456.08,0.940701,3.74,1.15,-0.050481,0.04,9.0,0.085804,0.11,47978400,640765,2244680,-0.391007801169,0.24622205742,-0.220000912368
"Dec 16, 2015",454.93,0.991182,3.7,-10.39,-0.018818,-0.13,21.36,0.045073,0.16,107944000,320767,3628690,-0.027844965471,-0.408596171829,0.203270202459
"Dec 15, 2015",465.32,1.01,3.83,21.14,0.016978,0.22,21.44,0.04776,0.23,83121100,578618,5124770,-0.528159448744,-0.887159729689,-0.188280378163
"Dec 14, 2015",444.18,0.993022,3.61,10.43,0.040138,-0.02,16.68,0.059822,0.07,130496000,563436,3011480,-0.287482987864,-1.10399780231,0.110888848124
"Dec 13, 2015",433.75,0.952884,3.63,-1.25,-0.024089,0.02,15.41,0.051956,0.09,55050600,273614,3218570,-0.195845986322,-0.542394001811,0.110378938042
"Dec 12, 2015",435.0,0.976973,3.61,-16.94,0.047211,-0.23,58.36,0.121454,0.47,131969000,1376280,6201500,-0.427953852612,-0.785165813083,0.0794415542415
"Dec 11, 2015",451.94,0.929762,3.84,36.46,0.089366,0.18,36.66,0.109973,0.18,110944000,801072,5086460,-0.92889198115,-0.387408959638,-0.83102321203
"Dec 10, 2015",415.48,0.840396,3.66,-2.08,0.048229,-0.01,7.96,0.074299,0.09,52138900,369589,2538190,-0.676166398732,0.160784560596,-0.335176252262
"Dec 09, 2015",417.56,0.792167,3.67,2.0,-0.029951,-0.02,16.83,0.053966,0.13,90917200,624221,4506800,-1.0524444806,0.461095708046,-0.659400046723
"Dec 08, 2015",415.56,0.822118,3.69,20.02,0.010854,0.04,25.61,0.041317,0.14,57801400,445903,2744880,-1.0683641097,-0.0738719199515,-0.653323074868
"Dec 07, 2015",395.54,0.811264,3.65,6.76,-0.024236,0.18,14.56,0.063141,0.24,63455800,520409,4210900,-0.769645879808,0.102375464332,-0.662066887729
"Dec 06, 2015",388.78,0.8355,3.47,-0.17,-0.026938,-0.05,15.72,0.049321,0.13,77762000,443608,4063170,-0.502812768489,0.270150941467,-0.0794637675901
"Dec 05, 2015",388.95,0.862438,3.52,25.77,0.022397,0.16,26.56,0.048377,0.17,66282200,232743,2664550,-0.156089533181,0.0876005154984,0.181372011849
"Dec 04, 2015",363.18,0.840041,3.36,2.13,0.027898,-0.02,7.76,0.057202,0.05,35784100,241278,1333170,0.232896843043,0.298665591552,0.802427993116
"Dec 03, 2015",361.05,0.812143,3.38,1.86,-0.009067,0.04,12.86,0.052578,0.1,50714900,539969,1943430,-0.0648981287866,0.975156703536,0.263952642114
"Dec 02, 2015",359.19,0.82121,3.34,-3.3,-0.05359,-0.09,12.77,0.059093,0.14,54160500,506307,2452500,-0.0114670236344,0.296798568431,0.462060942477
"Dec 01, 2015",362.49,0.8748,3.43,-14.83,0.001681,-0.19,22.37,0.032799,0.24,60452200,652857,2841630,-0.19596086875,0.0842854491901,0.350220578716
"Nov 30, 2015",377.32,0.873119,3.62,6.03,-0.005495,-0.05,11.98,0.047358,0.16,71701600,784439,3339320,-1.10932112017,-0.0503489263411,-0.41920187389
"Nov 29, 2015",371.29,0.878614,3.67,13.91,-0.037089,0.15,16.27,0.05362,0.18,40409300,448358,2720390,-1.20948374776,0.148479388255,-0.832514148557
"Nov 28, 2015",357.38,0.915703,3.52,-0.66,0.047752,-0.06,7.37,0.067171,0.12,36816600,462464,1691790,-0.708428936302,0.190059615278,-0.572875588365
"Nov 27, 2015",358.04,0.867951,3.58,5.36,-0.016232,-0.03,15.72,0.039356,0.11,55179100,403813,2780650,-0.677483828885,0.861113207434,-0.657675964545
"Nov 26, 2015",352.68,0.884183,3.61,24.47,0.020646,0.27,38.53,0.099283,0.37,106105000,947473,8700000,-0.484207719405,0.763830977129,-0.700722400478
"Nov 25, 2015",328.21,0.863537,3.34,8.16,-0.036654,0.23,12.36,0.048387,0.25,41666900,622991,2877300,-0.270529866293,0.394457345789,-0.461717301683
"Nov 24, 2015",320.05,0.900191,3.11,-3.0,-0.046778,-0.01,4.94,0.052124,0.04,29362600,524195,1510060,0.391031951706,0.355726300745,0.233854267591
"Nov 23, 2015",323.05,0.946969,3.12,-1.49,-0.021049,-0.02,3.83,0.035187,0.04,27478900,441875,1389260,0.537347025985,0.307354230829,0.490439406817
"Nov 22, 2015",324.54,0.968018,3.14,-2.39,-0.008122,-0.01,5.75,0.02515,0.05,23439400,372173,1070770,0.483954922241,0.277209732001,0.420885607035
"Nov 21, 2015",326.93,0.97614,3.15,4.91,0.05122,0.03,8.56,0.057803,0.05,28200500,455976,1057060,0.157865429169,-0.178467135098,0.269641994713
"Nov 20, 2015",322.02,0.92492,3.12,-4.13,-0.030612,-0.01,14.25,0.057159,0.07,53152900,614335,1698240,-0.0471546905525,-0.0678822992335,-0.162111523079
"Nov 19, 2015",326.15,0.955532,3.13,-8.44,-0.037787,-0.06,10.06,0.072502,0.08,45011100,443528,1448970,0.171781401957,-0.331046722123,0.162119810681
"Nov 18, 2015",334.59,0.993319,3.19,-0.5,-0.016681,-0.01,5.89,0.069484,0.04,43783800,681104,1425920,0.0654776351619,-0.504170479552,0.112962841758
"Nov 17, 2015",335.09,1.01,3.2,4.34,0.081038,0.01,8.74,0.124206,0.07,51001600,1145440,1607020,0.0875244719077,-0.72682871789,0.208086427459
"Nov 16, 2015",330.75,0.928962,3.19,10.58,0.022594,0.12,15.73,0.052761,0.14,47980100,620945,1578010,-0.27393193763,-0.672154109765,-0.272031087396
"Nov 15, 2015",320.17,0.906368,3.07,-12.74,0.017556,-0.12,17.17,0.046559,0.16,44213100,411848,1750230,0.217468343513,0.109539077181,0.0895729877064
"Nov 14, 2015",332.91,0.888812,3.19,-3.84,-0.015284,-0.04,8.21,0.029205,0.07,38612000,372514,1293740,0.411093765461,0.291558849605,0.240269468188
"Nov 13, 2015",336.75,0.904096,3.23,-1.4,0.008385,-0.05,14.84,0.071286,0.14,52003000,543671,2247490,0.317623775474,0.320012584285,0.218208459455
"Nov 12, 2015",338.15,0.895711,3.28,27.07,0.103882,0.31,31.72,0.150409,0.32,78477800,806156,4133180,0.404362577475,0.118450629586,0.328290380913
"Nov 11, 2015",311.08,0.791829,2.97,-25.74,-0.142519,-0.15,39.58,0.215503,0.18,107070000,1278580,3648510,0.655233741548,0.392782419881,1.00508953964
"Nov 10, 2015",336.82,0.934348,3.12,-43.44,-0.06493,-0.28,52.28,0.129032,0.42,95797900,854581,5565520,0.52051444293,-0.117657843626,1.02416231577
"Nov 09, 2015",380.26,0.999278,3.4,6.89,-0.030722,-0.02,22.39,0.164737,0.19,68224400,2045290,4195940,0.462787240528,-0.447367713282,0.993509398086
"Nov 08, 2015",373.37,1.03,3.42,-13.11,0.102026,-0.18,21.19,0.114339,0.25,51817600,1021460,2399540,0.449433238266,-0.0186783886953,1.42769894931
"Nov 07, 2015",386.48,0.927974,3.6,12.01,0.001942,0.05,18.16,0.080248,0.13,56625100,890187,2638500,-0.201483229792,0.258178583601,0.423345059967
"Nov 06, 2015",374.47,0.926032,3.55,-11.88,0.030395,-0.41,41.82,0.136919,0.52,122687000,913666,8761900,-0.371255674352,0.490850967399,0.312275939901
"Nov 05, 2015",386.35,0.895637,3.96,-25.21,-0.003413,-0.27,72.98,0.130877,0.64,151825000,1179840,13017300,-0.622774127306,0.0976147960457,-0.0825913585179
"Nov 04, 2015",411.56,0.89905,4.23,8.14,-0.11095,-0.36,115.01,0.314335,1.27,263900000,3060340,22553800,-0.778127239065,0.343782422422,-0.0818477720682
"Nov 03, 2015",403.42,1.01,4.59,42.23,0.020211,0.43,60.25,0.133385,0.7,206162000,1907690,18600100,-0.881893102957,0.392080553408,-0.65669687851
"Nov 02, 2015",361.19,0.989789,4.16,35.76,-0.070211,0.2,42.15,0.146353,0.26,101918000,1145200,6302390,-0.710647271053,0.0861660111365,-0.679993273477
"Nov 01, 2015",325.43,1.06,3.96,11.26,0.143373,0.16,15.59,0.180918,0.22,37001100,588913,3801480,-0.613046255355,-0.193596400802,-0.548295971704
"Oct 31, 2015",314.17,0.916627,3.8,-13.84,-0.123373,-0.26,23.53,0.159829,0.35,48598100,673892,5425140,-0.585789678316,-0.22056459781,-0.429410798925
"Oct 30, 2015",328.01,1.04,4.06,14.15,-0.17,0.28,20.23,0.38184,0.46,78305000,2429200,12206200,-2.2765554136,-0.713126885676,-0.748402553988
"Oct 29, 2015",313.86,1.21,3.78,9.24,0.21,0.68,16.35,0.262626,0.87,64495900,2279240,11455900,-1.71867818578,-4.51065469743,-0.49762149675
"Oct 28, 2015",304.62,1.0,3.1,10.83,0.130359,0.01,12.63,0.252143,0.02,50808100,2373050,1433200,-1.62690706323,-2.55119388534,0.10083881803
"Oct 27, 2015",293.79,0.869641,3.09,8.49,0.138324,-0.01,11.2,0.189282,0.03,46331800,1846370,1102490,-1.5795207071,-0.994650384447,0.206603586609
"Oct 26, 2015",285.3,0.731317,3.1,1.62,0.115278,0.03,4.79,0.160419,0.04,32108800,1089120,1119820,-1.60435223954,-0.972884691537,-0.16769633863
"Oct 25, 2015",283.68,0.616039,3.07,2.03,0.052449,-0.03,12.62,0.126809,0.07,45717100,635384,1656730,-0.758053384014,-0.72820340757,0.208247695301
"Oct 24, 2015",281.65,0.56359,3.1,5.15,0.023933,-0.01,5.21,0.058708,0.04,25942400,258356,955111,-0.937174270259,-0.187832945751,-0.47572054859
"Oct 23, 2015",276.5,0.539657,3.11,2.48,-0.028045,0.0,5.14,0.107459,0.04,29442500,878822,1196600,-0.779049413352,-0.00804090176191,-0.92833059792
"Oct 22, 2015",274.02,0.567702,3.11,7.75,0.120373,0.03,10.38,0.198475,0.07,37808600,924822,1215290,-0.0962727302785,0.000402055019425,-0.228562203163
"Oct 21, 2015",266.27,0.447329,3.08,-3.19,0.0125,-0.01,6.93,0.062091,0.06,25637300,609085,988482,-0.0995642423449,0.68266500347,0.170076808307
"Oct 20, 2015",269.46,0.434829,3.09,6.02,-0.054185,0.04,7.6,0.07025,0.04,30889800,383921,1163340,-0.458565509208,1.17153555136,0.0599873784995
"Oct 19, 2015",263.44,0.489014,3.05,1.8,-0.02872,0.03,3.87,0.040552,0.04,25258800,243742,1239570,-0.360121714979,0.290808473925,0.564360944778
"Oct 18, 2015",261.64,0.517734,3.02,-9.0,-0.029444,-0.05,10.89,0.039373,0.08,22434300,133690,1217780,-0.385638449948,0.453522921958,1.49546461765
"Oct 17, 2015",270.64,0.547178,3.07,7.77,0.010683,-0.04,11.21,0.036499,0.12,43199600,313860,2454780,-2.02029850652,0.389077154884,0.43140975279
"Oct 16, 2015",262.87,0.536495,3.11,8.55,-0.025383,0.01,12.2,0.046328,0.05,35901500,249891,1472800,-0.955929528836,0.496975967571,0.267848307602
"Oct 15, 2015",254.32,0.561878,3.1,2.33,0.03891,-0.04,3.91,0.057984,0.06,25223500,371022,1428290,-0.947963145559,0.33040675034,0.061987933958
"Oct 14, 2015",251.99,0.522968,3.14,2.48,-0.084687,-0.04,5.38,0.128266,0.1,27462600,971664,1781770,-0.815750731546,0.770423365662,-0.192051418124
"Oct 13, 2015",249.51,0.607655,3.18,4.2,-0.018375,0.04,6.48,0.031026,0.08,28198500,303044,1605970,-0.752190276381,0.169417333331,-0.990985512764
"Oct 12, 2015",245.31,0.62603,3.14,-1.74,-0.008933,-0.01,2.27,0.031759,0.04,17388300,109567,1252010,-0.32117226812,-0.178735658111,-0.661980352347
"Oct 11, 2015",247.05,0.634963,3.15,2.11,0.007106,0.04,3.09,0.021171,0.07,16827300,102128,1222700,-0.0995946383848,0.14056300478,0.00793772228034
"Oct 10, 2015",244.94,0.627857,3.11,1.01,-0.022771,0.0,2.25,0.024648,0.05,15912700,141555,1000850,-0.311991778044,0.0271564425581,-0.241745780784
"Oct 09, 2015",243.93,0.650628,3.11,1.63,0.028912,0.05,2.11,0.06018,0.05,17353100,386420,978079,-0.385597633829,0.134731789547,-0.271841214124
"Oct 08, 2015",242.3,0.621716,3.06,-0.67,0.012328,0.0,2.07,0.041167,0.03,18515300,310266,1137940,-0.237171883212,0.505704504778,-0.0746409307382
"Oct 07, 2015",242.97,0.609388,3.06,-3.09,-0.041257,-0.09,4.09,0.053878,0.1,22999200,218327,1695270,-0.391627023252,0.559007852093,-0.18687687196
"Oct 06, 2015",246.06,0.650645,3.15,5.68,0.022002,0.13,6.8,0.047714,0.15,27535100,262674,1972700,-0.771036387967,0.371187477874,-0.554290634935
"Oct 05, 2015",240.38,0.628643,3.02,2.12,-0.039736,0.01,3.35,0.049988,0.04,23335900,234263,1277060,-0.835496259861,1.09075856789,-0.0902969827896
"Oct 04, 2015",238.26,0.668379,3.01,-0.47,-0.018792,-0.02,1.03,0.03241,0.06,12999000,103497,982441,-0.329770116594,-0.00680517624292,-0.301051124202
"Oct 03, 2015",238.73,0.687171,3.03,1.44,0.008597,0.04,2.37,0.033722,0.05,16482700,163326,1051760,0.0586841212829,-0.411934254486,0.161723169519
"Oct 02, 2015",237.29,0.678574,2.99,-0.26,-0.011641,-0.01,1.94,0.036515,0.04,19677900,219318,1132180,-0.298637050057,0.155182679757,-0.234269682219
"Oct 01, 2015",237.55,0.690215,3.0,1.49,-0.048429,-0.01,2.82,0.078401,0.09,20488800,596084,1644010,-0.198491824211,0.262049298586,-0.210197268118
"Sep 30, 2015",236.06,0.738644,3.01,-0.63,0.077498,0.04,2.1,0.110861,0.08,19743500,619926,1371090,-0.0520767046904,0.0593477838828,-0.231809217699
"Sep 29, 2015",236.69,0.661146,2.97,-2.45,0.07826,-0.1,3.87,0.117484,0.2,22691300,913992,2896120,-0.132353285251,0.394328746655,-0.0637757502989
"Sep 28, 2015",239.14,0.582886,3.07,6.38,-0.137953,0.2,6.87,0.168615,0.2,24713000,1320890,2604270,-0.57805276971,0.981677422083,-0.454723827719
"Sep 27, 2015",232.76,0.720839,2.87,-1.58,-0.065125,-0.02,2.05,0.072108,0.03,14179900,413801,748001,-0.207683843015,0.731950524691,-0.16547364845
"Sep 26, 2015",234.34,0.785964,2.89,-0.8,0.049741,0.0,2.04,0.078216,0.03,13724100,369620,531617,-0.705539086661,0.540028002108,-0.518073291534
"Sep 25, 2015",235.14,0.736223,2.89,0.61,-0.077387,-0.04,3.75,0.11292,0.06,22363600,903457,959962,-0.252067803821,1.20634549268,-0.171785894047
"Sep 24, 2015",234.53,0.81361,2.93,4.25,-0.079796,0.06,5.36,0.115111,0.08,25097800,842505,1328450,-0.191699703671,0.35135105885,-0.282861647896
"Sep 23, 2015",230.28,0.893406,2.87,-0.34,-0.00839,0.03,2.25,0.023774,0.05,17254100,200541,901921,0.221374012728,-0.265381535475,0.371202155211
"Sep 22, 2015",230.62,0.901796,2.84,3.53,-0.017251,0.04,7.27,0.054112,0.08,25009300,487914,1442340,-0.0497684348202,-0.163332952787,0.27333998016
"Sep 21, 2015",227.09,0.919047,2.8,-4.12,-0.019398,-0.05,4.7,0.079025,0.05,19678800,424039,1027230,0.172747101676,-0.050083648266,0.0124475004448
"Sep 20, 2015",231.21,0.938445,2.85,-0.28,0.056054,-0.02,1.46,0.074536,0.05,14444700,508314,989389,-0.105464686168,0.0517424761064,-0.0777922498591
"Sep 19, 2015",231.49,0.882391,2.87,-1.48,0.028706,-0.09,2.12,0.078099,0.1,12712600,386988,897801,-0.0979154938272,-0.0114813851179,-0.0771407650665
"Sep 18, 2015",232.97,0.853685,2.96,3.16,-0.020546,0.05,2.16,0.054194,0.11,20242200,484622,1572740,-0.330364403314,0.407449584049,-0.564934312511
"Sep 17, 2015",229.81,0.874231,2.91,0.72,-0.032944,0.11,1.35,0.078072,0.13,18935400,897940,1626720,0.563720051617,0.609873923733,-0.318273555646
"Sep 16, 2015",229.09,0.907175,2.8,-1.21,-0.037235,-0.02,3.82,0.051059,0.08,20144200,615593,1192860,1.02214232577,0.262471086535,0.627555603038
"Sep 15, 2015",230.3,0.94441,2.82,-0.34,0.068788,-0.02,29.36,0.174811,0.11,19177800,703390,918109,0.620788636758,0.486128838324,0.485429818453
"Sep 14, 2015",230.64,0.875622,2.84,0.13,-0.060381,0.02,4.48,0.077627,0.08,20997800,741085,1135730,0.556285115691,0.860627483494,0.28061436536
"Sep 13, 2015",230.51,0.936003,2.82,-4.72,-0.103997,-0.01,6.61,0.137168,0.08,18478800,644138,1328080,0.88920236917,0.733853234676,0.665278821843
"Sep 12, 2015",235.23,1.04,2.83,-4.88,0.057022,-0.13,5.37,0.14022,0.15,17962600,772430,1517440,0.263722760494,0.499568729821,0.625456624303
"Sep 11, 2015",240.11,0.982978,2.96,1.63,-0.187022,0.01,2.84,0.229325,0.04,19224700,1942600,1251460,-0.0113907153985,0.897036347132,0.317351522283
"Sep 10, 2015",238.48,1.17,2.95,0.31,-0.04,0.03,5.5,0.08,0.08,21215500,662782,1420320,-0.18700044898,2.52307283026,-0.0593235753387
"Sep 09, 2015",238.17,1.21,2.92,-5.44,-0.03,-0.13,6.6,0.06,0.14,23635700,366748,2298470,-0.399154595278,0.311953734275,-0.358449961243
"Sep 08, 2015",243.61,1.24,3.05,3.76,-0.01,0.0,6.1,0.05,0.12,26879200,427892,2566300,-1.87949960412,0.114649879205,-1.0143746545
"Sep 07, 2015",239.85,1.25,3.05,0.00999999999999,-0.05,0.0,3.39,0.07,0.11,21192200,489014,2254530,-0.76377574197,0.204753000179,-0.336600456521
"Sep 06, 2015",239.84,1.3,3.05,4.82,-0.04,0.13,8.23,0.08,0.22,25473700,491968,4281360,-0.896428840834,0.234023201363,-0.302637692193
"Sep 05, 2015",235.02,1.34,2.92,4.72,0.07,0.22,6.7,0.07,0.28,20671400,448453,2666820,-0.358489147382,0.106092676837,-0.0976085737683
"Sep 04, 2015",230.3,1.27,2.7,3.12,0.01,0.07,3.85,0.06,0.09,20962400,474391,1441530,-0.147343282122,0.310867394169,0.383943582741
"Sep 03, 2015",227.18,1.26,2.63,-2.1,-0.03,-0.17,2.93,0.1,0.22,17482000,702991,2210590,0.355867931138,-0.216463914524,0.803344234512
"Sep 02, 2015",229.28,1.29,2.8,1.16,-0.06,-0.02,4.11,0.09,0.07,18760400,883769,2423010,0.308295055077,-0.283006399391,2.99001476016
"Sep 01, 2015",228.12,1.35,2.82,-1.94,-0.01,-0.02,4.36,0.05,0.07,20575200,778862,1376040,-0.20690041614,-0.735564099759,0.394570994828
"Aug 31, 2015",230.06,1.36,2.84,1.3,0.04,-0.01,6.05,0.2,0.07,20710700,1447180,1752920,-0.272632926475,-0.725238119387,0.575386458426
"Aug 30, 2015",228.76,1.32,2.85,-1.02,0.14,-0.03,5.82,0.2,0.15,19412600,1337650,1497480,-0.425705510347,-0.661799169078,0.448953044395
"Aug 29, 2015",229.78,1.18,2.88,-1.62,-0.01,-0.03,5.89,0.06,0.13,17142500,375377,1706060,-0.801595776761,0.235349627315,0.51839315291
"Aug 28, 2015",231.4,1.19,2.91,6.63,0.04,0.04,14.29,0.09,0.25,31336600,721872,4186540,-0.0380348146835,0.514381045611,0.611699747422
"Aug 27, 2015",224.77,1.15,2.87,-1.06,-0.01,-0.08,4.96,0.05,0.15,21905400,686662,1936130,0.133231957932,0.878028989432,0.88428428059
"Aug 26, 2015",225.83,1.16,2.95,4.22,0.02,0.01,10.98,0.14,0.2,31808000,1056750,4551630,0.154565751298,0.920286652693,0.824614711685
"Aug 25, 2015",221.61,1.14,2.94,11.11,-0.09,-0.05,26.75,0.11,0.51,61089200,1307180,11404300,0.305472181083,1.59182251977,0.929188103423
"Aug 24, 2015",210.5,1.23,2.99,-17.67,-0.12,-0.4,17.7,0.13,0.42,59220700,924920,7278630,0.403916636487,0.102802639175,0.5772075675
"Aug 23, 2015",228.17,1.35,3.39,-2.22,-0.03,-0.12,7.13,0.11,0.19,18406600,1589300,2066020,-0.457304858979,-0.480006078894,0.207754105378
"Aug 22, 2015",230.39,1.38,3.51,-2.18,-0.02,-0.06,12.26,0.13,0.13,23205900,948310,1913720,0.270829139095,-0.235381289726,0.435632513676
"Aug 21, 2015",232.57,1.4,3.57,-2.78,-0.06,-0.04,4.71,0.21,0.09,23173800,2020970,1720630,0.255517444271,0.217279313176,0.348296441158
"Aug 20, 2015",235.35,1.46,3.61,8.67,0.2,0.13,10.47,0.28,0.15,32275000,2843760,2882900,0.255124845002,0.256499456103,0.293530903462
"Aug 19, 2015",226.68,1.26,3.48,15.6,0.17,0.01,14.64,0.15,0.26,60869200,1486240,5742670,0.374275816985,0.617672921364,0.531890816506
"Aug 18, 2015",211.08,1.09,3.47,-46.9,-0.11,-0.51,46.91,0.24,0.56,42147200,1485680,3464380,0.56596124326,1.10113807329,0.380977950802
"Aug 17, 2015",257.98,1.2,3.98,-0.53,-0.37,0.03,3.38,0.39,0.09,21617900,1942830,2289060,0.840207137892,0.129420715372,0.0329120410031
"Aug 16, 2015",258.51,1.57,3.95,-3.04,-0.12,0.02,5.4,0.61,0.1,29717000,3550790,3197720,1.13922194381,-0.381395620856,0.378356270539
"Aug 15, 2015",261.55,1.69,3.93,-4.13,-0.14,-0.1,5.37,0.31,0.12,19321100,2554360,2016290,0.161349720415,-0.832380053903,0.04590433487
"Aug 14, 2015",265.68,1.83,4.03,1.6,0.0,0.15,5.99,0.51,0.21,27091200,4637030,3157170,-0.0287960524658,-1.07656792645,-0.162596762637
"Aug 13, 2015",264.08,1.83,3.88,-2.3,0.61,-0.11,3.39,0.8,0.13,27685500,4068680,2409030,-0.158709453296,-0.875115039617,-0.0302018850041
"Aug 12, 2015",266.38,1.22,3.99,-4.01,0.15,-0.17,5.2,0.406392,0.19,26815400,2150620,3519900,0.0,0.0,0.0
"Aug 11, 2015",270.39,1.07,4.16,5.92,0.361552,0.21,6.3,0.466765,0.22,25433900,1463100,3426300,0.0,0.0,0.0
"Aug 10, 2015",264.47,0.708448,3.95,-0.61,0.006551,0.05,4.43,0.093308,0.08,20979400,405283,2239890,0.0,0.0,0.0
"Aug 09, 2015",265.08,0.701897,3.9,4.08,-0.051428,0.05,6.53,0.250619,0.17,23789600,532170,3064680,0.0,0.0,0.0
"Aug 08, 2015",261.0,0.753325,3.85,-18.58,-2.016675,-0.36,19.22,2.085275,0.38,58533000,674188,4917730,0.0,0.0,0.0
